{"mean":{"confidence_interval":{"confidence_level":0.95,"lower_bound":0.015883794731348627,"upper_bound":0.016487990590148254},"point_estimate":0.016182978255548486,"standard_error":0.0001539617443453001},"median":{"confidence_interval":{"confidence_level":0.95,"lower_bound":0.015492070439460104,"upper_bound":0.01654404724003178},"point_estimate":0.016192774240479935,"standard_error":0.0002955490358233037}}