{"mean":{"confidence_interval":{"confidence_level":0.95,"lower_bound":-0.15831916886302053,"upper_bound":0.03147434345221584},"point_estimate":-0.06639314495224202,"standard_error":0.048668422073414305},"median":{"confidence_interval":{"confidence_level":0.95,"lower_bound":-0.11834948158258018,"upper_bound":0.10533262538597365},"point_estimate":0.003755784299292131,"standard_error":0.05589733406961972}}