{"mean":{"confidence_interval":{"confidence_level":0.95,"lower_bound":277.9826593213075,"upper_bound":280.02865423266746},"point_estimate":278.9208439654073,"standard_error":0.524338535405162},"median":{"confidence_interval":{"confidence_level":0.95,"lower_bound":276.8273654010022,"upper_bound":277.7199261384643},"point_estimate":277.19940494702576,"standard_error":0.24528319370842772},"median_abs_dev":{"confidence_interval":{"confidence_level":0.95,"lower_bound":1.0569996315446388,"upper_bound":2.0493804333349646},"point_estimate":1.47298064293879,"standard_error":0.25951751866945805},"slope":{"confidence_interval":{"confidence_level":0.95,"lower_bound":277.9799422263919,"upper_bound":280.29880061548664},"point_estimate":278.9834813947092,"standard_error":0.5976350175929462},"std_dev":{"confidence_interval":{"confidence_level":0.95,"lower_bound":3.130778608279384,"upper_bound":7.270102071628543},"point_estimate":5.280003275092285,"standard_error":1.0762438409701773}}