{"mean":{"confidence_interval":{"confidence_level":0.95,"lower_bound":0.027890582331924412,"upper_bound":0.029769598269855417},"point_estimate":0.028819003184156866,"standard_error":0.0004816986858495853},"median":{"confidence_interval":{"confidence_level":0.95,"lower_bound":0.02630768796877314,"upper_bound":0.029553178822721904},"point_estimate":0.02737442171917559,"standard_error":0.0008179868345337366}}