{"mean":{"confidence_interval":{"confidence_level":0.95,"lower_bound":31.28760461446124,"upper_bound":31.65931953550766},"point_estimate":31.457723964661696,"standard_error":0.0944168055983093},"median":{"confidence_interval":{"confidence_level":0.95,"lower_bound":31.207958488013276,"upper_bound":31.293146088821196},"point_estimate":31.263622913128508,"standard_error":0.020835458760205164}}