{"mean":{"confidence_interval":{"confidence_level":0.95,"lower_bound":-0.05760974691608066,"upper_bound":0.25982116989195725},"point_estimate":0.09265444982999393,"standard_error":0.08055829008466821},"median":{"confidence_interval":{"confidence_level":0.95,"lower_bound":-0.19646105401112163,"upper_bound":0.41579064566382873},"point_estimate":0.0677272124991779,"standard_error":0.1563564736409374}}