{"mean":{"confidence_interval":{"confidence_level":0.95,"lower_bound":-0.12496376540679086,"upper_bound":0.10503115248451356},"point_estimate":-0.020580784652881157,"standard_error":0.058811706249432896},"median":{"confidence_interval":{"confidence_level":0.95,"lower_bound":-0.20162423786993017,"upper_bound":0.13742262856638798},"point_estimate":-0.023843537598646325,"standard_error":0.08929601999326495}}