{"mean":{"confidence_interval":{"confidence_level":0.95,"lower_bound":26.501459132804523,"upper_bound":29.752330556456997},"point_estimate":28.15025807109739,"standard_error":0.7868711346622087},"median":{"confidence_interval":{"confidence_level":0.95,"lower_bound":23.20123780727606,"upper_bound":28.511403956967644},"point_estimate":26.447294779091685,"standard_error":1.4764790565165378}}