{"mean":{"confidence_interval":{"confidence_level":0.95,"lower_bound":312.8425220027394,"upper_bound":339.25433333613836},"point_estimate":325.9272150637144,"standard_error":6.74279363914641},"median":{"confidence_interval":{"confidence_level":0.95,"lower_bound":292.47420239282155,"upper_bound":346.1791535886168},"point_estimate":318.2877432517263,"standard_error":13.168333645891598},"median_abs_dev":{"confidence_interval":{"confidence_level":0.95,"lower_bound":66.06579415509519,"upper_bound":101.07307540374204},"point_estimate":88.48698541115121,"standard_error":8.932121827127634},"slope":{"confidence_interval":{"confidence_level":0.95,"lower_bound":308.8118531835703,"upper_bound":344.59618519891785},"point_estimate":326.62207310903113,"standard_error":9.12551696157812},"std_dev":{"confidence_interval":{"confidence_level":0.95,"lower_bound":61.355784153546416,"upper_bound":72.97255496227399},"point_estimate":67.70145239439915,"standard_error":2.9567797497158224}}