{"mean":{"confidence_interval":{"confidence_level":0.95,"lower_bound":32.20339783912577,"upper_bound":37.2720597879816},"point_estimate":34.6381587797858,"standard_error":1.312611158454599},"median":{"confidence_interval":{"confidence_level":0.95,"lower_bound":27.011100314463746,"upper_bound":34.35752997938134},"point_estimate":30.043887250630547,"standard_error":1.948262990651531}}