{"mean":{"confidence_interval":{"confidence_level":0.95,"lower_bound":0.05189620488010871,"upper_bound":0.06358149287918},"point_estimate":0.05770837887606084,"standard_error":0.002986007457937647},"median":{"confidence_interval":{"confidence_level":0.95,"lower_bound":0.05073862978491661,"upper_bound":0.06574610892180653},"point_estimate":0.057291772391893536,"standard_error":0.0042819200241895495}}