{"mean":{"confidence_interval":{"confidence_level":0.95,"lower_bound":108.54940905885816,"upper_bound":108.9641485007935},"point_estimate":108.72436643982539,"standard_error":0.10781351820232926},"median":{"confidence_interval":{"confidence_level":0.95,"lower_bound":108.46898989990325,"upper_bound":108.61257715950407},"point_estimate":108.52221416752029,"standard_error":0.037332506337094035},"median_abs_dev":{"confidence_interval":{"confidence_level":0.95,"lower_bound":0.3029963241692943,"upper_bound":0.4634331679194221},"point_estimate":0.39885447138385743,"standard_error":0.042598214829627966},"slope":{"confidence_interval":{"confidence_level":0.95,"lower_bound":108.32011734959785,"upper_bound":108.40854953317323},"point_estimate":108.3610281393,"standard_error":0.0225907372247715},"std_dev":{"confidence_interval":{"confidence_level":0.95,"lower_bound":0.2907014531246457,"upper_bound":1.6809086191543674},"point_estimate":1.0865937234817287,"standard_error":0.377941387494384}}