{"mean":{"confidence_interval":{"confidence_level":0.95,"lower_bound":37.089679514566576,"upper_bound":37.3413582665179},"point_estimate":37.215708694972435,"standard_error":0.06365069326284975},"median":{"confidence_interval":{"confidence_level":0.95,"lower_bound":36.77687905887,"upper_bound":37.76200208107095},"point_estimate":36.85761681565475,"standard_error":0.23686670263496148}}