{"mean":{"confidence_interval":{"confidence_level":0.95,"lower_bound":27.70742652317711,"upper_bound":27.78383932311351},"point_estimate":27.74612840349887,"standard_error":0.019563834457292806},"median":{"confidence_interval":{"confidence_level":0.95,"lower_bound":27.729561921155543,"upper_bound":27.794503648764035},"point_estimate":27.762795645163006,"standard_error":0.015958180526962754}}