{"mean":{"confidence_interval":{"confidence_level":0.95,"lower_bound":27.236593981808436,"upper_bound":31.287523089455174},"point_estimate":29.035583100567646,"standard_error":1.0987927573788523},"median":{"confidence_interval":{"confidence_level":0.95,"lower_bound":23.267846196323266,"upper_bound":29.023759108516924},"point_estimate":25.229461509291212,"standard_error":1.7322253521605444}}