{"mean":{"confidence_interval":{"confidence_level":0.95,"lower_bound":25.754689256547206,"upper_bound":29.256902903766626},"point_estimate":27.419444780102953,"standard_error":0.9145184970014302},"median":{"confidence_interval":{"confidence_level":0.95,"lower_bound":22.630766822087704,"upper_bound":28.625495430800765},"point_estimate":26.218474026167215,"standard_error":1.5578776420071072}}