{"mean":{"confidence_interval":{"confidence_level":0.95,"lower_bound":25.36676229965663,"upper_bound":31.089951204631756},"point_estimate":28.414535964300775,"standard_error":1.3861253043448305},"median":{"confidence_interval":{"confidence_level":0.95,"lower_bound":20.72305706122144,"upper_bound":26.993120891246345},"point_estimate":22.957761332677737,"standard_error":1.7567449029609494}}