{"mean":{"confidence_interval":{"confidence_level":0.95,"lower_bound":0.025457888478387102,"upper_bound":0.026864952252154926},"point_estimate":0.026180407336262812,"standard_error":0.00036023185068408543},"median":{"confidence_interval":{"confidence_level":0.95,"lower_bound":0.025277585087978876,"upper_bound":0.026626645037886254},"point_estimate":0.025918846323215394,"standard_error":0.0003555694802643409}}