{"mean":{"confidence_interval":{"confidence_level":0.95,"lower_bound":45.034699404185695,"upper_bound":51.84255665346391},"point_estimate":48.502681666597816,"standard_error":1.7383262743810268},"median":{"confidence_interval":{"confidence_level":0.95,"lower_bound":40.80622154726936,"upper_bound":52.43731005525173},"point_estimate":47.194046440274,"standard_error":3.6815771920368503}}