{"mean":{"confidence_interval":{"confidence_level":0.95,"lower_bound":-0.11323055373844207,"upper_bound":0.09596725674887444},"point_estimate":-0.015608457069758552,"standard_error":0.05319537501073171},"median":{"confidence_interval":{"confidence_level":0.95,"lower_bound":-0.2773951315932758,"upper_bound":0.1421355430450466},"point_estimate":-0.07931533590000306,"standard_error":0.10848223977783505}}