{"mean":{"confidence_interval":{"confidence_level":0.95,"lower_bound":-0.00010017913567522128,"upper_bound":0.0002091514014082196},"point_estimate":0.000051896704291731766,"standard_error":0.00007887683451971648},"median":{"confidence_interval":{"confidence_level":0.95,"lower_bound":-0.000054683195253368844,"upper_bound":0.00004251805504296158},"point_estimate":0.000010845311831930715,"standard_error":0.000025334234030838256}}