{"mean":{"confidence_interval":{"confidence_level":0.95,"lower_bound":302.45207803526324,"upper_bound":331.2760685972809},"point_estimate":316.6673951794264,"standard_error":7.345804347305959},"median":{"confidence_interval":{"confidence_level":0.95,"lower_bound":273.7700178503124,"upper_bound":324.2464446623511},"point_estimate":298.59926242236025,"standard_error":11.347864810544351},"median_abs_dev":{"confidence_interval":{"confidence_level":0.95,"lower_bound":59.004421687535945,"upper_bound":106.42046431639268},"point_estimate":79.66088535093353,"standard_error":12.442861678006635},"slope":{"confidence_interval":{"confidence_level":0.95,"lower_bound":301.4434354370134,"upper_bound":342.1858649918617},"point_estimate":321.6929442055172,"standard_error":10.418436725340602},"std_dev":{"confidence_interval":{"confidence_level":0.95,"lower_bound":66.26213724592029,"upper_bound":80.1424665843764},"point_estimate":73.98502977910351,"standard_error":3.5565880165058923}}