{"mean":{"confidence_interval":{"confidence_level":0.95,"lower_bound":23.562608009032154,"upper_bound":28.59027086229211},"point_estimate":26.017833747781623,"standard_error":1.2545117381070205},"median":{"confidence_interval":{"confidence_level":0.95,"lower_bound":19.40821266296635,"upper_bound":27.91528873644041},"point_estimate":21.458897568450194,"standard_error":2.3866363905975803}}