{"mean":{"confidence_interval":{"confidence_level":0.95,"lower_bound":37.52638695586882,"upper_bound":37.60782055712294},"point_estimate":37.56539197077366,"standard_error":0.021208781315878278},"median":{"confidence_interval":{"confidence_level":0.95,"lower_bound":37.53767339343606,"upper_bound":37.5818610414819},"point_estimate":37.560066319918334,"standard_error":0.01123827153696349}}