{"mean":{"confidence_interval":{"confidence_level":0.95,"lower_bound":83.36015015374292,"upper_bound":83.42227398843583},"point_estimate":83.39123954113548,"standard_error":0.01584505863195596},"median":{"confidence_interval":{"confidence_level":0.95,"lower_bound":83.31615202320317,"upper_bound":83.45670628183362},"point_estimate":83.38995233862063,"standard_error":0.03465915472321461},"median_abs_dev":{"confidence_interval":{"confidence_level":0.95,"lower_bound":0.16274982803874405,"upper_bound":0.23793436666170314},"point_estimate":0.19900503783582316,"standard_error":0.019176982313938256},"slope":{"confidence_interval":{"confidence_level":0.95,"lower_bound":83.28036768969767,"upper_bound":83.34630838379947},"point_estimate":83.31237361202861,"standard_error":0.016844743386617525},"std_dev":{"confidence_interval":{"confidence_level":0.95,"lower_bound":0.1442522475733875,"upper_bound":0.17166429396067004},"point_estimate":0.15911488111508035,"standard_error":0.006961860222221348}}