{"mean":{"confidence_interval":{"confidence_level":0.95,"lower_bound":93.05897771059054,"upper_bound":93.08589030456318},"point_estimate":93.07069837185774,"standard_error":0.006908630346212155},"median":{"confidence_interval":{"confidence_level":0.95,"lower_bound":93.05204668392257,"upper_bound":93.05666725434885},"point_estimate":93.05395398925018,"standard_error":0.001018901046713644},"median_abs_dev":{"confidence_interval":{"confidence_level":0.95,"lower_bound":0.00655385018677434,"upper_bound":0.011753336618884383},"point_estimate":0.009038521320207276,"standard_error":0.0013786141555535585},"slope":{"confidence_interval":{"confidence_level":0.95,"lower_bound":93.05534537869758,"upper_bound":93.06958586810774},"point_estimate":93.06133314908233,"standard_error":0.0036763805796020477},"std_dev":{"confidence_interval":{"confidence_level":0.95,"lower_bound":0.03205690904754273,"upper_bound":0.10517946854719573},"point_estimate":0.06941158079280794,"standard_error":0.021019498797428694}}