{"mean":{"confidence_interval":{"confidence_level":0.95,"lower_bound":0.04695279560895186,"upper_bound":0.0481428543045721},"point_estimate":0.04755845710562823,"standard_error":0.0003024608255963455},"median":{"confidence_interval":{"confidence_level":0.95,"lower_bound":0.04727546256316373,"upper_bound":0.048314611729418866},"point_estimate":0.047910861663163384,"standard_error":0.00029152182300188516}}