{"mean":{"confidence_interval":{"confidence_level":0.95,"lower_bound":36.78891850166348,"upper_bound":39.928127550419994},"point_estimate":38.307041038116424,"standard_error":0.7875872528121257},"median":{"confidence_interval":{"confidence_level":0.95,"lower_bound":33.6834658666032,"upper_bound":38.7442385056419},"point_estimate":36.6918237492713,"standard_error":1.1696769494836656}}