{"mean":{"confidence_interval":{"confidence_level":0.95,"lower_bound":0.10922376607514335,"upper_bound":0.11007384568470208},"point_estimate":0.10962972392609083,"standard_error":0.00020024090993650158},"median":{"confidence_interval":{"confidence_level":0.95,"lower_bound":0.10856841488599733,"upper_bound":0.10870719317864674},"point_estimate":0.10862298326928133,"standard_error":0.00003574711229579782}}