{"mean":{"confidence_interval":{"confidence_level":0.95,"lower_bound":387.94867608446776,"upper_bound":447.8326183675442},"point_estimate":417.5659380711831,"standard_error":15.282002795878073},"median":{"confidence_interval":{"confidence_level":0.95,"lower_bound":322.7462884457703,"upper_bound":440.3858082534083},"point_estimate":382.6704785973111,"standard_error":27.907213624980926},"median_abs_dev":{"confidence_interval":{"confidence_level":0.95,"lower_bound":104.23151991822056,"upper_bound":215.5392516900242},"point_estimate":172.2380865610543,"standard_error":28.22059296816217},"slope":{"confidence_interval":{"confidence_level":0.95,"lower_bound":355.1948984479987,"upper_bound":422.42939893786416},"point_estimate":387.2711671366657,"standard_error":17.12337537086698},"std_dev":{"confidence_interval":{"confidence_level":0.95,"lower_bound":136.5021769674411,"upper_bound":166.86488014230127},"point_estimate":153.39678029440128,"standard_error":7.73160341995055}}