{"mean":{"confidence_interval":{"confidence_level":0.95,"lower_bound":-0.01433483825982166,"upper_bound":-0.012622801474914461},"point_estimate":-0.01348994175445617,"standard_error":0.000437435473843236},"median":{"confidence_interval":{"confidence_level":0.95,"lower_bound":-0.014579051032431399,"upper_bound":-0.011987571820724852},"point_estimate":-0.01362030560962646,"standard_error":0.000679525450061905}}