{"mean":{"confidence_interval":{"confidence_level":0.95,"lower_bound":42.613829827072905,"upper_bound":49.60110956807859},"point_estimate":46.23362683001423,"standard_error":1.8365825583933697},"median":{"confidence_interval":{"confidence_level":0.95,"lower_bound":39.59964989245424,"upper_bound":49.471677180159865},"point_estimate":46.21950096931106,"standard_error":2.5460990042500793}}