{"mean":{"confidence_interval":{"confidence_level":0.95,"lower_bound":-0.029171128123545303,"upper_bound":-0.02568124194011746},"point_estimate":-0.027331627882124065,"standard_error":0.0008910186979020474},"median":{"confidence_interval":{"confidence_level":0.95,"lower_bound":-0.02732960771094506,"upper_bound":-0.025046881975289037},"point_estimate":-0.026431903193836703,"standard_error":0.0005691333988543564}}