{"mean":{"confidence_interval":{"confidence_level":0.95,"lower_bound":3.4058974912016953,"upper_bound":3.4134462752720536},"point_estimate":3.409321256043874,"standard_error":0.0019347203824162534},"median":{"confidence_interval":{"confidence_level":0.95,"lower_bound":3.4017016443632415,"upper_bound":3.40699823354291},"point_estimate":3.4045548448450482,"standard_error":0.0015455853160343438},"median_abs_dev":{"confidence_interval":{"confidence_level":0.95,"lower_bound":0.00726047653891958,"upper_bound":0.013236105896768062},"point_estimate":0.010430634253155671,"standard_error":0.0016845781502541734},"slope":{"confidence_interval":{"confidence_level":0.95,"lower_bound":3.3997243779476913,"upper_bound":3.4077075450195577},"point_estimate":3.403048201528626,"standard_error":0.002067433490531339},"std_dev":{"confidence_interval":{"confidence_level":0.95,"lower_bound":0.01097107024735613,"upper_bound":0.027534072817666448},"point_estimate":0.019507134434147824,"standard_error":0.00436846636474577}}