{"mean":{"confidence_interval":{"confidence_level":0.95,"lower_bound":33.26582106033095,"upper_bound":33.508230576889595},"point_estimate":33.3860012817597,"standard_error":0.0618621944824455},"median":{"confidence_interval":{"confidence_level":0.95,"lower_bound":33.00160188095227,"upper_bound":33.46631270219823},"point_estimate":33.09112679171029,"standard_error":0.11371997348967618}}