{"mean":{"confidence_interval":{"confidence_level":0.95,"lower_bound":0.005697749458564727,"upper_bound":0.008554216698725641},"point_estimate":0.007143109003849846,"standard_error":0.0007311401797072895},"median":{"confidence_interval":{"confidence_level":0.95,"lower_bound":0.0034229923088242575,"upper_bound":0.008086686458816716},"point_estimate":0.005254408077258077,"standard_error":0.001168344128963552}}