{"mean":{"confidence_interval":{"confidence_level":0.95,"lower_bound":1.9015312130582906,"upper_bound":1.9052077900460205},"point_estimate":1.9032919199667506,"standard_error":0.0009400481361453215},"median":{"confidence_interval":{"confidence_level":0.95,"lower_bound":1.898153025358986,"upper_bound":1.9052439071622917},"point_estimate":1.9003262788563695,"standard_error":0.0019813462011048},"median_abs_dev":{"confidence_interval":{"confidence_level":0.95,"lower_bound":0.0058228367461096485,"upper_bound":0.010852126838781624},"point_estimate":0.008320594007455715,"standard_error":0.0011759449270001255},"slope":{"confidence_interval":{"confidence_level":0.95,"lower_bound":1.8965258681409733,"upper_bound":1.898198830703283},"point_estimate":1.897264731855465,"standard_error":0.0004262231065259605},"std_dev":{"confidence_interval":{"confidence_level":0.95,"lower_bound":0.007116596004394949,"upper_bound":0.011593259562134745},"point_estimate":0.009412589152623198,"standard_error":0.001151736149636315}}