{"mean":{"confidence_interval":{"confidence_level":0.95,"lower_bound":67.10893402562223,"upper_bound":67.27505466976773},"point_estimate":67.19061003862933,"standard_error":0.042491073811204594},"median":{"confidence_interval":{"confidence_level":0.95,"lower_bound":67.03020020359688,"upper_bound":67.27244413204711},"point_estimate":67.1182476843997,"standard_error":0.07033047780641613},"median_abs_dev":{"confidence_interval":{"confidence_level":0.95,"lower_bound":0.300387644036691,"upper_bound":0.46474457715185585},"point_estimate":0.3731816434142829,"standard_error":0.042990659313732534},"slope":{"confidence_interval":{"confidence_level":0.95,"lower_bound":67.06244381607183,"upper_bound":67.19976353757112},"point_estimate":67.129847563093,"standard_error":0.0351637164052404},"std_dev":{"confidence_interval":{"confidence_level":0.95,"lower_bound":0.34886826946395083,"upper_bound":0.498718296947455},"point_estimate":0.42742265356440406,"standard_error":0.038361058327963236}}