{"mean":{"confidence_interval":{"confidence_level":0.95,"lower_bound":-0.15278713814568665,"upper_bound":-0.1483600107561541},"point_estimate":-0.15052961160972356,"standard_error":0.0011162493667317263},"median":{"confidence_interval":{"confidence_level":0.95,"lower_bound":-0.15485777264722253,"upper_bound":-0.15045652537966248},"point_estimate":-0.15278917319700136,"standard_error":0.0011206148921547945}}