{"mean":{"confidence_interval":{"confidence_level":0.95,"lower_bound":0.025623504877099114,"upper_bound":0.028597007430930958},"point_estimate":0.02718598691654206,"standard_error":0.0007566981422580003},"median":{"confidence_interval":{"confidence_level":0.95,"lower_bound":0.027409266155506234,"upper_bound":0.03039765574186437},"point_estimate":0.029482989052845188,"standard_error":0.0007623543748900356}}