{"mean":{"confidence_interval":{"confidence_level":0.95,"lower_bound":-0.14906648991445579,"upper_bound":-0.14433449950236293},"point_estimate":-0.14677445930765043,"standard_error":0.001182186257466639},"median":{"confidence_interval":{"confidence_level":0.95,"lower_bound":-0.15297105255064447,"upper_bound":-0.14621872542965975},"point_estimate":-0.1495707592848936,"standard_error":0.0018111720798533108}}