{"mean":{"confidence_interval":{"confidence_level":0.95,"lower_bound":27.144960898232558,"upper_bound":27.226553308613276},"point_estimate":27.186511012960427,"standard_error":0.020904471119535438},"median":{"confidence_interval":{"confidence_level":0.95,"lower_bound":27.104952273656693,"upper_bound":27.19234215710607},"point_estimate":27.16202839985868,"standard_error":0.021937696417376404}}