{"mean":{"confidence_interval":{"confidence_level":0.95,"lower_bound":-0.00711614128500648,"upper_bound":-0.004595268541529242},"point_estimate":-0.005862890494933493,"standard_error":0.0006428443640301101},"median":{"confidence_interval":{"confidence_level":0.95,"lower_bound":-0.006224202442710839,"upper_bound":-0.004113954052844498},"point_estimate":-0.005189493004111201,"standard_error":0.0004867148975862745}}