{"mean":{"confidence_interval":{"confidence_level":0.95,"lower_bound":155.9278554678495,"upper_bound":176.66713120991687},"point_estimate":166.13787164530007,"standard_error":5.300125569968389},"median":{"confidence_interval":{"confidence_level":0.95,"lower_bound":137.8345091122869,"upper_bound":176.67367722564083},"point_estimate":158.09992313857788,"standard_error":9.50220408839103},"median_abs_dev":{"confidence_interval":{"confidence_level":0.95,"lower_bound":47.353943266391035,"upper_bound":81.46917119423665},"point_estimate":59.149382333491396,"standard_error":8.791222361867408},"slope":{"confidence_interval":{"confidence_level":0.95,"lower_bound":158.6412803325598,"upper_bound":186.8307644531534},"point_estimate":172.84720424889366,"standard_error":7.203308508022357},"std_dev":{"confidence_interval":{"confidence_level":0.95,"lower_bound":47.73610107057529,"upper_bound":57.654692026845574},"point_estimate":53.19133728227577,"standard_error":2.538411401203404}}