{"mean":{"confidence_interval":{"confidence_level":0.95,"lower_bound":37.918286259497556,"upper_bound":38.666781582428534},"point_estimate":38.22930148329242,"standard_error":0.19050524056921772},"median":{"confidence_interval":{"confidence_level":0.95,"lower_bound":37.567937118335756,"upper_bound":37.70523105176103},"point_estimate":37.64743613465721,"standard_error":0.036732089358294515}}