{"mean":{"confidence_interval":{"confidence_level":0.95,"lower_bound":-0.023247528447838162,"upper_bound":-0.014742891824060293},"point_estimate":-0.018907720813355566,"standard_error":0.002167352342814937},"median":{"confidence_interval":{"confidence_level":0.95,"lower_bound":-0.01079584264122313,"upper_bound":-0.007674882628031954},"point_estimate":-0.009332278738093724,"standard_error":0.0008094313471437804}}