{"mean":{"confidence_interval":{"confidence_level":0.95,"lower_bound":38.121604966235566,"upper_bound":41.47034198819133},"point_estimate":39.64702494241984,"standard_error":0.8264611284850294},"median":{"confidence_interval":{"confidence_level":0.95,"lower_bound":36.08120650810148,"upper_bound":38.476767316103945},"point_estimate":37.39359550831312,"standard_error":0.6316534081100618}}