{"mean":{"confidence_interval":{"confidence_level":0.95,"lower_bound":28.329974936174207,"upper_bound":31.96833924564944},"point_estimate":30.107578813812925,"standard_error":0.9237248856802756},"median":{"confidence_interval":{"confidence_level":0.95,"lower_bound":25.538960256722913,"upper_bound":31.985887184492654},"point_estimate":28.66288581158243,"standard_error":1.5856810943672897}}