{"mean":{"confidence_interval":{"confidence_level":0.95,"lower_bound":75.57545786123632,"upper_bound":75.60770822244379},"point_estimate":75.5906020513618,"standard_error":0.008233786752566984},"median":{"confidence_interval":{"confidence_level":0.95,"lower_bound":75.56844783715013,"upper_bound":75.58942748091603},"point_estimate":75.5768301037385,"standard_error":0.005574816801337235},"median_abs_dev":{"confidence_interval":{"confidence_level":0.95,"lower_bound":0.03286234672713412,"upper_bound":0.0503806022627793},"point_estimate":0.04051311340232627,"standard_error":0.004619635972729117},"slope":{"confidence_interval":{"confidence_level":0.95,"lower_bound":75.57669040420556,"upper_bound":75.59338200084993},"point_estimate":75.58509205879002,"standard_error":0.004237706838732785},"std_dev":{"confidence_interval":{"confidence_level":0.95,"lower_bound":0.052513794291372276,"upper_bound":0.10896689601369086},"point_estimate":0.08281425722252803,"standard_error":0.014468536117152955}}