{"mean":{"confidence_interval":{"confidence_level":0.95,"lower_bound":3.6254519452491727,"upper_bound":3.6517906025639357},"point_estimate":3.638286104496372,"standard_error":0.006730897400217439},"median":{"confidence_interval":{"confidence_level":0.95,"lower_bound":3.5978520884943475,"upper_bound":3.6085864442365168},"point_estimate":3.600170421149071,"standard_error":0.0029504106982479066},"median_abs_dev":{"confidence_interval":{"confidence_level":0.95,"lower_bound":0.009810979080050011,"upper_bound":0.024461655131114816},"point_estimate":0.014869644935083035,"standard_error":0.004152949341390268},"slope":{"confidence_interval":{"confidence_level":0.95,"lower_bound":3.595523637233488,"upper_bound":3.6000669344379266},"point_estimate":3.5975237749185016,"standard_error":0.001163500857703156},"std_dev":{"confidence_interval":{"confidence_level":0.95,"lower_bound":0.0581421991295888,"upper_bound":0.07452317230431219},"point_estimate":0.06774901040467281,"standard_error":0.004205525332458576}}