{"mean":{"confidence_interval":{"confidence_level":0.95,"lower_bound":0.002097033498937312,"upper_bound":0.0034847938691178622},"point_estimate":0.002769228873263252,"standard_error":0.00035685048984004117},"median":{"confidence_interval":{"confidence_level":0.95,"lower_bound":0.0018281401163857405,"upper_bound":0.003620373648623998},"point_estimate":0.002673171368895666,"standard_error":0.0004511943374767829}}