{"mean":{"confidence_interval":{"confidence_level":0.95,"lower_bound":-0.014451878120282582,"upper_bound":-0.011503121932665027},"point_estimate":-0.012953969801408505,"standard_error":0.0007585526557862079},"median":{"confidence_interval":{"confidence_level":0.95,"lower_bound":-0.015211986756718383,"upper_bound":-0.010757085542165146},"point_estimate":-0.012629683045801032,"standard_error":0.001253745768717057}}