{"mean":{"confidence_interval":{"confidence_level":0.95,"lower_bound":133.21644900816113,"upper_bound":151.99732212912366},"point_estimate":142.53904216262399,"standard_error":4.793137222010632},"median":{"confidence_interval":{"confidence_level":0.95,"lower_bound":125.15188261068936,"upper_bound":151.8277262701969},"point_estimate":133.50536678023704,"standard_error":6.766765886112867},"median_abs_dev":{"confidence_interval":{"confidence_level":0.95,"lower_bound":50.035878481417264,"upper_bound":73.97975686326667},"point_estimate":62.12639279829451,"standard_error":5.879798145441396},"slope":{"confidence_interval":{"confidence_level":0.95,"lower_bound":133.35841088496886,"upper_bound":159.90901172952147},"point_estimate":146.6329927180636,"standard_error":6.770093162478446},"std_dev":{"confidence_interval":{"confidence_level":0.95,"lower_bound":43.749084059077695,"upper_bound":51.80534002188383},"point_estimate":48.1938386219518,"standard_error":2.0493838843444285}}