{"mean":{"confidence_interval":{"confidence_level":0.95,"lower_bound":-0.1442555368233469,"upper_bound":0.048316654689532244},"point_estimate":-0.05356756715099442,"standard_error":0.04936603620954233},"median":{"confidence_interval":{"confidence_level":0.95,"lower_bound":-0.27086257921254475,"upper_bound":0.14310413763237562},"point_estimate":-0.05294405558552551,"standard_error":0.11353975697545735}}