{"mean":{"confidence_interval":{"confidence_level":0.95,"lower_bound":43.34950650219979,"upper_bound":49.86996487535182},"point_estimate":46.60931728522871,"standard_error":1.717394485061345},"median":{"confidence_interval":{"confidence_level":0.95,"lower_bound":38.126738501526916,"upper_bound":51.51241950462126},"point_estimate":44.234301224744144,"standard_error":3.5273602405890574}}