{"mean":{"confidence_interval":{"confidence_level":0.95,"lower_bound":-0.006437357502511031,"upper_bound":0.0002635643037016119},"point_estimate":-0.003075844078599399,"standard_error":0.0016873576110082802},"median":{"confidence_interval":{"confidence_level":0.95,"lower_bound":-0.00908474700400408,"upper_bound":0.00013030512926826},"point_estimate":-0.0037449396795635748,"standard_error":0.0024371784795019238}}