{"mean":{"confidence_interval":{"confidence_level":0.95,"lower_bound":5.585802452105644,"upper_bound":5.590856996944641},"point_estimate":5.588308534799146,"standard_error":0.0012903745397334814},"median":{"confidence_interval":{"confidence_level":0.95,"lower_bound":5.586048126798425,"upper_bound":5.592289962895654},"point_estimate":5.587966740817793,"standard_error":0.0018702647747787333},"median_abs_dev":{"confidence_interval":{"confidence_level":0.95,"lower_bound":0.010901884120756175,"upper_bound":0.01760517967266265},"point_estimate":0.014641852113035413,"standard_error":0.001690042757376626},"slope":{"confidence_interval":{"confidence_level":0.95,"lower_bound":5.577723861310049,"upper_bound":5.582389050615084},"point_estimate":5.579905381667199,"standard_error":0.0011880082070547513},"std_dev":{"confidence_interval":{"confidence_level":0.95,"lower_bound":0.01127997946831839,"upper_bound":0.014409218030028623},"point_estimate":0.012913060314445822,"standard_error":0.000801061385520223}}