{"mean":{"confidence_interval":{"confidence_level":0.95,"lower_bound":0.01680163638918067,"upper_bound":0.018424660583540097},"point_estimate":0.017635078405351168,"standard_error":0.00041410346831639703},"median":{"confidence_interval":{"confidence_level":0.95,"lower_bound":0.01676440392469942,"upper_bound":0.018145186329274372},"point_estimate":0.017395606082400317,"standard_error":0.00034943480375512114}}