{"mean":{"confidence_interval":{"confidence_level":0.95,"lower_bound":50.72581943420019,"upper_bound":56.741051875182464},"point_estimate":53.80928045738559,"standard_error":1.5276730376169134},"median":{"confidence_interval":{"confidence_level":0.95,"lower_bound":45.85648488196226,"upper_bound":55.193210864460276},"point_estimate":50.02672279287732,"standard_error":2.9052650061511085}}