{"mean":{"confidence_interval":{"confidence_level":0.95,"lower_bound":-0.003409104728111858,"upper_bound":-0.0006685458800505586},"point_estimate":-0.0020159857288271077,"standard_error":0.0006994296667550043},"median":{"confidence_interval":{"confidence_level":0.95,"lower_bound":-0.002848250547161424,"upper_bound":-0.0002872240584479435},"point_estimate":-0.0014703328816622063,"standard_error":0.0006479414389963322}}