{"mean":{"confidence_interval":{"confidence_level":0.95,"lower_bound":24.456164923239694,"upper_bound":27.513056777953565},"point_estimate":25.92598654400003,"standard_error":0.7319742741978538},"median":{"confidence_interval":{"confidence_level":0.95,"lower_bound":22.599528552171957,"upper_bound":25.270862918452185},"point_estimate":24.235680541689884,"standard_error":0.7227488538581421}}