{"mean":{"confidence_interval":{"confidence_level":0.95,"lower_bound":39.74820704077379,"upper_bound":46.04485609770056},"point_estimate":42.9147810307029,"standard_error":1.5558511898284315},"median":{"confidence_interval":{"confidence_level":0.95,"lower_bound":36.152261508132106,"upper_bound":45.72964640871346},"point_estimate":41.88591185643775,"standard_error":2.063859132855528}}