{"mean":{"confidence_interval":{"confidence_level":0.95,"lower_bound":-0.1837974165284462,"upper_bound":-0.018667348747827675},"point_estimate":-0.10434427013634762,"standard_error":0.042112674432502516},"median":{"confidence_interval":{"confidence_level":0.95,"lower_bound":-0.3250130586732054,"upper_bound":-0.034683737232265054},"point_estimate":-0.2087505652059647,"standard_error":0.07488431146893283}}