{"mean":{"confidence_interval":{"confidence_level":0.95,"lower_bound":2.6342361596835273,"upper_bound":2.6515073629896437},"point_estimate":2.643151192817512,"standard_error":0.004399561105202493},"median":{"confidence_interval":{"confidence_level":0.95,"lower_bound":2.6402320526567635,"upper_bound":2.6579195899892665},"point_estimate":2.6458474428933254,"standard_error":0.004459702421198327},"median_abs_dev":{"confidence_interval":{"confidence_level":0.95,"lower_bound":0.026385472921296227,"upper_bound":0.04243032203589891},"point_estimate":0.03460126306069294,"standard_error":0.00409821349918956},"slope":{"confidence_interval":{"confidence_level":0.95,"lower_bound":2.639219901140451,"upper_bound":2.6512988243779536},"point_estimate":2.645186063944659,"standard_error":0.0030859192487443193},"std_dev":{"confidence_interval":{"confidence_level":0.95,"lower_bound":0.033840099139572616,"upper_bound":0.0532776982322764},"point_estimate":0.044090075690624266,"standard_error":0.004995254211559392}}