{"mean":{"confidence_interval":{"confidence_level":0.95,"lower_bound":-0.005188592537847536,"upper_bound":-0.0047176625147435924},"point_estimate":-0.004957272846101479,"standard_error":0.0001200560349766876},"median":{"confidence_interval":{"confidence_level":0.95,"lower_bound":-0.005111660013879082,"upper_bound":-0.00469914727392006},"point_estimate":-0.0049478119279185995,"standard_error":0.00010202618502345104}}