{"mean":{"confidence_interval":{"confidence_level":0.95,"lower_bound":-0.1000367627023861,"upper_bound":0.19845883253387236},"point_estimate":0.042315993615067216,"standard_error":0.07626366671532603},"median":{"confidence_interval":{"confidence_level":0.95,"lower_bound":-0.10956047283868953,"upper_bound":0.28133090934521965},"point_estimate":0.09254466225800817,"standard_error":0.09969121435214212}}