{"mean":{"confidence_interval":{"confidence_level":0.95,"lower_bound":42.256226559621595,"upper_bound":46.04303223598707},"point_estimate":44.186694347519456,"standard_error":0.9498670183016363},"median":{"confidence_interval":{"confidence_level":0.95,"lower_bound":42.686170773309456,"upper_bound":48.19131651611302},"point_estimate":45.33850144339377,"standard_error":1.3343835236336627}}