{"mean":{"confidence_interval":{"confidence_level":0.95,"lower_bound":-0.006776368982997108,"upper_bound":-0.005726138596951051},"point_estimate":-0.00624290330812427,"standard_error":0.0002686515118209721},"median":{"confidence_interval":{"confidence_level":0.95,"lower_bound":-0.006360867195766007,"upper_bound":-0.005037534834274604},"point_estimate":-0.005215230300737561,"standard_error":0.0003301602363465007}}