{"mean":{"confidence_interval":{"confidence_level":0.95,"lower_bound":3.085680044456204,"upper_bound":3.088470207275731},"point_estimate":3.0870405077603387,"standard_error":0.0007123631376005363},"median":{"confidence_interval":{"confidence_level":0.95,"lower_bound":3.0831020137553184,"upper_bound":3.0895123538796865},"point_estimate":3.0858669329573933,"standard_error":0.0017955906298538487},"median_abs_dev":{"confidence_interval":{"confidence_level":0.95,"lower_bound":0.006412353923537084,"upper_bound":0.009826707515284057},"point_estimate":0.008810117332624516,"standard_error":0.000850527602905293},"slope":{"confidence_interval":{"confidence_level":0.95,"lower_bound":3.0817021052311877,"upper_bound":3.0833745622211817},"point_estimate":3.0824938539177116,"standard_error":0.00042703677374043164},"std_dev":{"confidence_interval":{"confidence_level":0.95,"lower_bound":0.006075441275798651,"upper_bound":0.008460044202775501},"point_estimate":0.007157099698019124,"standard_error":0.0006287467091416231}}