{"mean":{"confidence_interval":{"confidence_level":0.95,"lower_bound":29.433848512601816,"upper_bound":29.692260745668154},"point_estimate":29.561508313891576,"standard_error":0.06611764047956005},"median":{"confidence_interval":{"confidence_level":0.95,"lower_bound":29.68421628925682,"upper_bound":29.796524484580694},"point_estimate":29.75330864884639,"standard_error":0.02918864700923976}}