{"mean":{"confidence_interval":{"confidence_level":0.95,"lower_bound":47.79581680818018,"upper_bound":52.65242444623983},"point_estimate":50.21578859340935,"standard_error":1.320770566190457},"median":{"confidence_interval":{"confidence_level":0.95,"lower_bound":43.6080383935516,"upper_bound":54.640951576773936},"point_estimate":48.61854725409594,"standard_error":2.762085977029861}}