{"mean":{"confidence_interval":{"confidence_level":0.95,"lower_bound":0.0004000100195296623,"upper_bound":0.0033054986991085888},"point_estimate":0.0018292238755623913,"standard_error":0.0007420184547622569},"median":{"confidence_interval":{"confidence_level":0.95,"lower_bound":-0.001513536062367482,"upper_bound":0.003454777599463188},"point_estimate":0.0018993198734269523,"standard_error":0.0013956869944376433}}