{"mean":{"confidence_interval":{"confidence_level":0.95,"lower_bound":38.443627633113536,"upper_bound":38.57151706344184},"point_estimate":38.49794475910003,"standard_error":0.033347770613040485},"median":{"confidence_interval":{"confidence_level":0.95,"lower_bound":38.449240955722914,"upper_bound":38.50393130007201},"point_estimate":38.47926313336499,"standard_error":0.013437931176321073}}