{"mean":{"confidence_interval":{"confidence_level":0.95,"lower_bound":24.294530969520405,"upper_bound":28.565282705925817},"point_estimate":26.415473526244206,"standard_error":1.0913351762670271},"median":{"confidence_interval":{"confidence_level":0.95,"lower_bound":19.899996879490452,"upper_bound":24.454802281051663},"point_estimate":23.08778196919694,"standard_error":1.4269218593444646}}