{"mean":{"confidence_interval":{"confidence_level":0.95,"lower_bound":1275.703948518882,"upper_bound":1424.152645861227},"point_estimate":1349.8512608764224,"standard_error":37.712848171870704},"median":{"confidence_interval":{"confidence_level":0.95,"lower_bound":1192.5242132867133,"upper_bound":1460.5254110251449},"point_estimate":1359.3985481252616,"standard_error":64.36363587556598},"median_abs_dev":{"confidence_interval":{"confidence_level":0.95,"lower_bound":390.07292786066034,"upper_bound":596.7333848405898},"point_estimate":505.2174575891491,"standard_error":54.802593662283726},"slope":{"confidence_interval":{"confidence_level":0.95,"lower_bound":1274.6206721433564,"upper_bound":1478.941909346253},"point_estimate":1377.389596051023,"standard_error":52.22135583059053},"std_dev":{"confidence_interval":{"confidence_level":0.95,"lower_bound":343.8486297569996,"upper_bound":407.6706968415908},"point_estimate":378.68407208641975,"standard_error":16.250167246509335}}