{"mean":{"confidence_interval":{"confidence_level":0.95,"lower_bound":160.41761098509593,"upper_bound":161.13662857244356},"point_estimate":160.7308733188653,"standard_error":0.18534782523835716},"median":{"confidence_interval":{"confidence_level":0.95,"lower_bound":160.22918333725582,"upper_bound":160.38906817720206},"point_estimate":160.28689191236344,"standard_error":0.04320438785843897},"median_abs_dev":{"confidence_interval":{"confidence_level":0.95,"lower_bound":0.24218801350674674,"upper_bound":0.3799797909629451},"point_estimate":0.2933270634215423,"standard_error":0.03419165492906481},"slope":{"confidence_interval":{"confidence_level":0.95,"lower_bound":160.2861204464377,"upper_bound":160.9682390460338},"point_estimate":160.56605087096528,"standard_error":0.1784086977678059},"std_dev":{"confidence_interval":{"confidence_level":0.95,"lower_bound":0.796103199717109,"upper_bound":2.799752069171812},"point_estimate":1.8565164937809104,"standard_error":0.5407864176458645}}