{"mean":{"confidence_interval":{"confidence_level":0.95,"lower_bound":46.79719634177973,"upper_bound":46.8457913487343},"point_estimate":46.82197109283929,"standard_error":0.012368750267971717},"median":{"confidence_interval":{"confidence_level":0.95,"lower_bound":46.82195561625154,"upper_bound":46.851587321793914},"point_estimate":46.834680723822686,"standard_error":0.008281594289714181}}