{"mean":{"confidence_interval":{"confidence_level":0.95,"lower_bound":50.58784143206117,"upper_bound":56.95445357235288},"point_estimate":53.67277127161207,"standard_error":1.6893591016775222},"median":{"confidence_interval":{"confidence_level":0.95,"lower_bound":44.3595302805268,"upper_bound":57.812017300170645},"point_estimate":51.42851399381684,"standard_error":3.175205791635956}}