{"mean":{"confidence_interval":{"confidence_level":0.95,"lower_bound":23.57596849978207,"upper_bound":23.88014048230036},"point_estimate":23.7120183563377,"standard_error":0.07769562905308676},"median":{"confidence_interval":{"confidence_level":0.95,"lower_bound":23.354176905569812,"upper_bound":23.54417055769496},"point_estimate":23.439702106151543,"standard_error":0.054321673305169994}}