{"mean":{"confidence_interval":{"confidence_level":0.95,"lower_bound":4.427441925316751,"upper_bound":4.431223437004709},"point_estimate":4.4293276260563275,"standard_error":0.0009688121795384379},"median":{"confidence_interval":{"confidence_level":0.95,"lower_bound":4.427111763644243,"upper_bound":4.431386638098383},"point_estimate":4.429212121064739,"standard_error":0.001129645619681115},"median_abs_dev":{"confidence_interval":{"confidence_level":0.95,"lower_bound":0.00856688653457433,"upper_bound":0.012905414663348708},"point_estimate":0.01030187525776886,"standard_error":0.0011263766545891048},"slope":{"confidence_interval":{"confidence_level":0.95,"lower_bound":4.422512683511717,"upper_bound":4.426654236411707},"point_estimate":4.424460656329546,"standard_error":0.0010610872746226263},"std_dev":{"confidence_interval":{"confidence_level":0.95,"lower_bound":0.00845684687984886,"upper_bound":0.01093060453476886},"point_estimate":0.009752279224685877,"standard_error":0.0006310575049643036}}