{"mean":{"confidence_interval":{"confidence_level":0.95,"lower_bound":0.00285702468720504,"upper_bound":0.00497602840359459},"point_estimate":0.0039583799609892445,"standard_error":0.0005382759358035287},"median":{"confidence_interval":{"confidence_level":0.95,"lower_bound":0.004307293226860915,"upper_bound":0.0054580954007055205},"point_estimate":0.005013083989514611,"standard_error":0.00030736351077717165}}