{"mean":{"confidence_interval":{"confidence_level":0.95,"lower_bound":-0.0002866293375494793,"upper_bound":0.0008413412620273952},"point_estimate":0.0001889226114404341,"standard_error":0.00029660852344821117},"median":{"confidence_interval":{"confidence_level":0.95,"lower_bound":-0.00017797617862513881,"upper_bound":-0.0001116679305137536},"point_estimate":-0.00013842629921501093,"standard_error":0.000016781826506922738}}