{"mean":{"confidence_interval":{"confidence_level":0.95,"lower_bound":41.2255876498957,"upper_bound":41.408352251452285},"point_estimate":41.31896206152831,"standard_error":0.04731707462609805},"median":{"confidence_interval":{"confidence_level":0.95,"lower_bound":41.48864765187038,"upper_bound":41.60807537852415},"point_estimate":41.55290725027609,"standard_error":0.03019247423336815}}