{"mean":{"confidence_interval":{"confidence_level":0.95,"lower_bound":-0.016961695847721885,"upper_bound":-0.015151159010590677},"point_estimate":-0.01599713516157031,"standard_error":0.00046001969470376336},"median":{"confidence_interval":{"confidence_level":0.95,"lower_bound":-0.0169286759826921,"upper_bound":-0.013734411698779314},"point_estimate":-0.015148310030575152,"standard_error":0.0007988233001135383}}