{"mean":{"confidence_interval":{"confidence_level":0.95,"lower_bound":0.9359424752129101,"upper_bound":0.9368536102821515},"point_estimate":0.936382856765394,"standard_error":0.00023117502926058928},"median":{"confidence_interval":{"confidence_level":0.95,"lower_bound":0.9359214039007794,"upper_bound":0.9367486042192907},"point_estimate":0.9361345457301652,"standard_error":0.00018747505140453679},"median_abs_dev":{"confidence_interval":{"confidence_level":0.95,"lower_bound":0.0013306595429822402,"upper_bound":0.002018796525729083},"point_estimate":0.0016419274436183416,"standard_error":0.0001746580043744349},"slope":{"confidence_interval":{"confidence_level":0.95,"lower_bound":0.9358544214547315,"upper_bound":0.9365398756062475},"point_estimate":0.9361887373708587,"standard_error":0.0001743473368127248},"std_dev":{"confidence_interval":{"confidence_level":0.95,"lower_bound":0.0016467516943010187,"upper_bound":0.003019502090787788},"point_estimate":0.0023206812573044757,"standard_error":0.00035857552569083524}}