{"mean":{"confidence_interval":{"confidence_level":0.95,"lower_bound":-0.04626629629308066,"upper_bound":0.1067030352028177},"point_estimate":0.032281829157623676,"standard_error":0.03842968454378429},"median":{"confidence_interval":{"confidence_level":0.95,"lower_bound":-0.10026683316179483,"upper_bound":0.21076308629931323},"point_estimate":0.029752533523715874,"standard_error":0.07993924212899622}}