{"mean":{"confidence_interval":{"confidence_level":0.95,"lower_bound":-0.00925379495671787,"upper_bound":-0.006685069991500575},"point_estimate":-0.008034622834367622,"standard_error":0.0006539406008239319},"median":{"confidence_interval":{"confidence_level":0.95,"lower_bound":-0.008423555781275516,"upper_bound":-0.006211116405447204},"point_estimate":-0.007251926675944875,"standard_error":0.0006444033210406585}}