{"mean":{"confidence_interval":{"confidence_level":0.95,"lower_bound":82.44439275791501,"upper_bound":82.64666903724475},"point_estimate":82.53691408534965,"standard_error":0.051904536468419325},"median":{"confidence_interval":{"confidence_level":0.95,"lower_bound":82.31929442508711,"upper_bound":82.50165008958935},"point_estimate":82.37071915007942,"standard_error":0.05311421701434023},"median_abs_dev":{"confidence_interval":{"confidence_level":0.95,"lower_bound":0.1946781899684852,"upper_bound":0.362699873913791},"point_estimate":0.2402897652531949,"standard_error":0.045224674575389416},"slope":{"confidence_interval":{"confidence_level":0.95,"lower_bound":82.28229036408966,"upper_bound":82.40647623546543},"point_estimate":82.33849819841329,"standard_error":0.031725101812572196},"std_dev":{"confidence_interval":{"confidence_level":0.95,"lower_bound":0.28166354182606823,"upper_bound":0.7283466347543655},"point_estimate":0.5215943696196776,"standard_error":0.1135890342975797}}