{"mean":{"confidence_interval":{"confidence_level":0.95,"lower_bound":95.21451523964402,"upper_bound":95.39658811327021},"point_estimate":95.3020714117542,"standard_error":0.04654361766804457},"median":{"confidence_interval":{"confidence_level":0.95,"lower_bound":95.15031416143064,"upper_bound":95.34159014016433},"point_estimate":95.22634108632303,"standard_error":0.05093958902378039},"median_abs_dev":{"confidence_interval":{"confidence_level":0.95,"lower_bound":0.31222614523577935,"upper_bound":0.5334086219759893},"point_estimate":0.4201246179314013,"standard_error":0.05626053314205533},"slope":{"confidence_interval":{"confidence_level":0.95,"lower_bound":95.02148301816852,"upper_bound":95.1832232058552},"point_estimate":95.0988499101095,"standard_error":0.04113345920619554},"std_dev":{"confidence_interval":{"confidence_level":0.95,"lower_bound":0.3589850888516747,"upper_bound":0.5838416031665549},"point_estimate":0.4682003846490408,"standard_error":0.05877161114318786}}