{"mean":{"confidence_interval":{"confidence_level":0.95,"lower_bound":31.579457573741518,"upper_bound":31.67072209905923},"point_estimate":31.63079072040655,"standard_error":0.02355389484526075},"median":{"confidence_interval":{"confidence_level":0.95,"lower_bound":31.673924588082407,"upper_bound":31.705944980489072},"point_estimate":31.692806305006897,"standard_error":0.008627219616668135}}