{"mean":{"confidence_interval":{"confidence_level":0.95,"lower_bound":-0.05719038010324444,"upper_bound":0.09645684312092759},"point_estimate":0.01566105348047886,"standard_error":0.039387758433249105},"median":{"confidence_interval":{"confidence_level":0.95,"lower_bound":-0.13726138369837637,"upper_bound":0.19028139019623788},"point_estimate":0.05228764826725607,"standard_error":0.08250467440047204}}