{"mean":{"confidence_interval":{"confidence_level":0.95,"lower_bound":0.005202033668841617,"upper_bound":0.006571854059357539},"point_estimate":0.005876580010610422,"standard_error":0.00034808027163991105},"median":{"confidence_interval":{"confidence_level":0.95,"lower_bound":0.00514567277389788,"upper_bound":0.006912733986736086},"point_estimate":0.0061294864279892725,"standard_error":0.00046787802972465456}}