{"mean":{"confidence_interval":{"confidence_level":0.95,"lower_bound":26.863174368016182,"upper_bound":26.91976465982912},"point_estimate":26.89176709568623,"standard_error":0.014419261510092972},"median":{"confidence_interval":{"confidence_level":0.95,"lower_bound":26.86831429882477,"upper_bound":26.929909909919665},"point_estimate":26.899585766997518,"standard_error":0.015647234629222326}}