{"mean":{"confidence_interval":{"confidence_level":0.95,"lower_bound":27.233022302192047,"upper_bound":27.27852430432551},"point_estimate":27.255728686628817,"standard_error":0.011579072517991984},"median":{"confidence_interval":{"confidence_level":0.95,"lower_bound":27.225404939676856,"upper_bound":27.28291981254502},"point_estimate":27.258465147210643,"standard_error":0.014713292130443725}}