{"mean":{"confidence_interval":{"confidence_level":0.95,"lower_bound":45.45677712516756,"upper_bound":45.846233195791605},"point_estimate":45.62421701979498,"standard_error":0.10049433105029672},"median":{"confidence_interval":{"confidence_level":0.95,"lower_bound":45.47007967606421,"upper_bound":45.65958254493975},"point_estimate":45.577164669776366,"standard_error":0.04672848060192164}}