{"mean":{"confidence_interval":{"confidence_level":0.95,"lower_bound":151.14548161059383,"upper_bound":151.9476870540313},"point_estimate":151.47027113118946,"standard_error":0.21014336111525317},"median":{"confidence_interval":{"confidence_level":0.95,"lower_bound":151.02937208958534,"upper_bound":151.2581392916899},"point_estimate":151.1253672977216,"standard_error":0.06405906842809765},"median_abs_dev":{"confidence_interval":{"confidence_level":0.95,"lower_bound":0.35177723751644513,"upper_bound":0.6127529175482167},"point_estimate":0.45898935409792074,"standard_error":0.06919595614790842},"slope":{"confidence_interval":{"confidence_level":0.95,"lower_bound":150.89825446528894,"upper_bound":151.0674476021813},"point_estimate":150.97923622940996,"standard_error":0.04312913708317022},"std_dev":{"confidence_interval":{"confidence_level":0.95,"lower_bound":0.4885410462560777,"upper_bound":3.4329993220229724},"point_estimate":2.116800241959138,"standard_error":0.8563023137000365}}