{"mean":{"confidence_interval":{"confidence_level":0.95,"lower_bound":48.914106417444316,"upper_bound":56.19716584115468},"point_estimate":52.68036628994001,"standard_error":1.7840884160489345},"median":{"confidence_interval":{"confidence_level":0.95,"lower_bound":45.499550924613374,"upper_bound":61.03225632620482},"point_estimate":51.25938606700916,"standard_error":3.24191927000578}}