{"mean":{"confidence_interval":{"confidence_level":0.95,"lower_bound":48.248283933177376,"upper_bound":55.31364247880493},"point_estimate":51.81016751894429,"standard_error":1.786752730058233},"median":{"confidence_interval":{"confidence_level":0.95,"lower_bound":44.75283114542222,"upper_bound":57.85094925300813},"point_estimate":51.66227671631767,"standard_error":2.7618353309347956}}