{"mean":{"confidence_interval":{"confidence_level":0.95,"lower_bound":38.796705368804716,"upper_bound":39.2882205072101},"point_estimate":39.04206631440196,"standard_error":0.12487392025732669},"median":{"confidence_interval":{"confidence_level":0.95,"lower_bound":38.570711385106996,"upper_bound":38.667460478381244},"point_estimate":38.61665020138091,"standard_error":0.024712732428087095}}