{"mean":{"confidence_interval":{"confidence_level":0.95,"lower_bound":260.193017912107,"upper_bound":262.4308704250301},"point_estimate":261.1767575699585,"standard_error":0.5742678743532826},"median":{"confidence_interval":{"confidence_level":0.95,"lower_bound":259.35006454175357,"upper_bound":260.0153583393935},"point_estimate":259.8223710395686,"standard_error":0.16023414057540944},"median_abs_dev":{"confidence_interval":{"confidence_level":0.95,"lower_bound":0.8127422643912796,"upper_bound":1.432486880483097},"point_estimate":1.1481884562705993,"standard_error":0.16093278588553792},"slope":{"confidence_interval":{"confidence_level":0.95,"lower_bound":259.6776610668807,"upper_bound":260.48770131370696},"point_estimate":260.0352338049619,"standard_error":0.2083936820232973},"std_dev":{"confidence_interval":{"confidence_level":0.95,"lower_bound":2.2825452627883847,"upper_bound":8.397491661233364},"point_estimate":5.776904327570627,"standard_error":1.5438059659433778}}