{"mean":{"confidence_interval":{"confidence_level":0.95,"lower_bound":34.012929515060335,"upper_bound":38.831988624658216},"point_estimate":36.41988773375967,"standard_error":1.2267337554676283},"median":{"confidence_interval":{"confidence_level":0.95,"lower_bound":31.050151556722625,"upper_bound":39.9405216812065},"point_estimate":36.351391199498345,"standard_error":2.239432777268706}}