{"mean":{"confidence_interval":{"confidence_level":0.95,"lower_bound":771.3368352310745,"upper_bound":853.8884174639398},"point_estimate":812.5433213165372,"standard_error":21.045267850482492},"median":{"confidence_interval":{"confidence_level":0.95,"lower_bound":697.0601979169714,"upper_bound":842.5290207522697},"point_estimate":790.67737439184,"standard_error":46.39447305877163},"median_abs_dev":{"confidence_interval":{"confidence_level":0.95,"lower_bound":176.16858659216473,"upper_bound":319.49073448354767},"point_estimate":280.94527789160173,"standard_error":42.352092071302536},"slope":{"confidence_interval":{"confidence_level":0.95,"lower_bound":758.682231179714,"upper_bound":879.5578463105585},"point_estimate":818.5318439278739,"standard_error":30.855251365575747},"std_dev":{"confidence_interval":{"confidence_level":0.95,"lower_bound":191.26273860154393,"upper_bound":227.5463347134615},"point_estimate":210.8082156546539,"standard_error":9.251870447326692}}