{"mean":{"confidence_interval":{"confidence_level":0.95,"lower_bound":321.77923721327807,"upper_bound":350.1254058849473},"point_estimate":335.92968745280234,"standard_error":7.224827890184516},"median":{"confidence_interval":{"confidence_level":0.95,"lower_bound":310.04490491938816,"upper_bound":352.55954088952655},"point_estimate":331.33680954088953,"standard_error":10.554088424383583},"median_abs_dev":{"confidence_interval":{"confidence_level":0.95,"lower_bound":78.75491580284347,"upper_bound":121.03922740084276},"point_estimate":101.09357917319444,"standard_error":10.515687874472441},"slope":{"confidence_interval":{"confidence_level":0.95,"lower_bound":312.15077045221057,"upper_bound":350.2009092800698},"point_estimate":331.08146705708924,"standard_error":9.718741739493156},"std_dev":{"confidence_interval":{"confidence_level":0.95,"lower_bound":66.4731031686178,"upper_bound":77.48999270887164},"point_estimate":72.59243002538228,"standard_error":2.807094337169188}}