{"mean":{"confidence_interval":{"confidence_level":0.95,"lower_bound":158.18196304181902,"upper_bound":185.19987475504468},"point_estimate":171.48174102364803,"standard_error":6.904649282735595},"median":{"confidence_interval":{"confidence_level":0.95,"lower_bound":128.81047775631714,"upper_bound":183.13312133340645},"point_estimate":163.09110373732267,"standard_error":15.209759484977205},"median_abs_dev":{"confidence_interval":{"confidence_level":0.95,"lower_bound":55.46203185659863,"upper_bound":106.05665325048125},"point_estimate":80.24683599273615,"standard_error":14.244622920007755},"slope":{"confidence_interval":{"confidence_level":0.95,"lower_bound":153.6974749841548,"upper_bound":187.47583567089464},"point_estimate":170.3129718381486,"standard_error":8.601487409759889},"std_dev":{"confidence_interval":{"confidence_level":0.95,"lower_bound":62.12487963290684,"upper_bound":75.09402871912579},"point_estimate":69.37891097288832,"standard_error":3.3093572143819827}}