{"mean":{"confidence_interval":{"confidence_level":0.95,"lower_bound":-0.0031059467274789834,"upper_bound":-0.0018020132004270722},"point_estimate":-0.002449252894721865,"standard_error":0.00032958955926307805},"median":{"confidence_interval":{"confidence_level":0.95,"lower_bound":-0.00362561742491562,"upper_bound":-0.0023278996566563626},"point_estimate":-0.0028606807262689937,"standard_error":0.00032427347382660315}}