{"mean":{"confidence_interval":{"confidence_level":0.95,"lower_bound":0.015596296473442722,"upper_bound":0.0171670199527849},"point_estimate":0.01640791001168651,"standard_error":0.0004062236556005197},"median":{"confidence_interval":{"confidence_level":0.95,"lower_bound":0.01511313811785664,"upper_bound":0.017840950588760007},"point_estimate":0.016684511684663228,"standard_error":0.0006771404687766907}}