{"mean":{"confidence_interval":{"confidence_level":0.95,"lower_bound":-0.10149734545691236,"upper_bound":0.13339908508437337},"point_estimate":0.010439557186567194,"standard_error":0.06019754974379697},"median":{"confidence_interval":{"confidence_level":0.95,"lower_bound":-0.22968614411360533,"upper_bound":0.21285553009933045},"point_estimate":-0.03488298719206606,"standard_error":0.11601958990436759}}