{"mean":{"confidence_interval":{"confidence_level":0.95,"lower_bound":-0.0023125764907028085,"upper_bound":-0.0004853456919093116},"point_estimate":-0.0017307149304003344,"standard_error":0.0004979491837594661},"median":{"confidence_interval":{"confidence_level":0.95,"lower_bound":-0.0025198795546730324,"upper_bound":-0.002413546502409214},"point_estimate":-0.0024865519512254908,"standard_error":0.000027750529598112953}}