{"mean":{"confidence_interval":{"confidence_level":0.95,"lower_bound":82.50836527909088,"upper_bound":82.51914330166248},"point_estimate":82.51348755641143,"standard_error":0.002748147012417029},"median":{"confidence_interval":{"confidence_level":0.95,"lower_bound":82.50627777777778,"upper_bound":82.50920569422078},"point_estimate":82.50735395882238,"standard_error":0.000748265438655915},"median_abs_dev":{"confidence_interval":{"confidence_level":0.95,"lower_bound":0.004575775464016131,"upper_bound":0.008734749097191578},"point_estimate":0.006343729019666465,"standard_error":0.0010660198513691174},"slope":{"confidence_interval":{"confidence_level":0.95,"lower_bound":82.50743540743605,"upper_bound":82.51336480850804},"point_estimate":82.5099988005517,"standard_error":0.0015219710035952404},"std_dev":{"confidence_interval":{"confidence_level":0.95,"lower_bound":0.017987760547315136,"upper_bound":0.035970459477132136},"point_estimate":0.027650132940582113,"standard_error":0.004590172618394393}}