{"mean":{"confidence_interval":{"confidence_level":0.95,"lower_bound":360.73136012046024,"upper_bound":391.6014697518094},"point_estimate":375.91635079477084,"standard_error":7.8821469109622155},"median":{"confidence_interval":{"confidence_level":0.95,"lower_bound":340.5980861244019,"upper_bound":380.49479760006074},"point_estimate":357.9296509991556,"standard_error":9.215020473561289},"median_abs_dev":{"confidence_interval":{"confidence_level":0.95,"lower_bound":61.329441896022175,"upper_bound":123.11856081431416},"point_estimate":91.74506845985691,"standard_error":15.3830454237275},"slope":{"confidence_interval":{"confidence_level":0.95,"lower_bound":362.2500008420326,"upper_bound":406.48306093110904},"point_estimate":384.3649539101593,"standard_error":11.30309831145541},"std_dev":{"confidence_interval":{"confidence_level":0.95,"lower_bound":70.92884798410537,"upper_bound":85.42938330793173},"point_estimate":79.02972498691088,"standard_error":3.697571551010211}}