{"mean":{"confidence_interval":{"confidence_level":0.95,"lower_bound":29.994109405824595,"upper_bound":32.52614470549665},"point_estimate":31.290757109551528,"standard_error":0.6404591593492083},"median":{"confidence_interval":{"confidence_level":0.95,"lower_bound":28.827698310184925,"upper_bound":33.690395896551344},"point_estimate":31.880874115485355,"standard_error":1.3422920296395973}}