{"mean":{"confidence_interval":{"confidence_level":0.95,"lower_bound":111.49566507637931,"upper_bound":111.60284752683208},"point_estimate":111.54848323497656,"standard_error":0.02742164269342297},"median":{"confidence_interval":{"confidence_level":0.95,"lower_bound":111.40332009831727,"upper_bound":111.59676564156946},"point_estimate":111.47483829664421,"standard_error":0.055222623418435215},"median_abs_dev":{"confidence_interval":{"confidence_level":0.95,"lower_bound":0.22262680984637898,"upper_bound":0.39263746680434414},"point_estimate":0.3137322726216446,"standard_error":0.04395696730737217},"slope":{"confidence_interval":{"confidence_level":0.95,"lower_bound":111.31575700881638,"upper_bound":111.37487999425726},"point_estimate":111.34261548717329,"standard_error":0.015050157760954617},"std_dev":{"confidence_interval":{"confidence_level":0.95,"lower_bound":0.24306634584693435,"upper_bound":0.3076123141277081},"point_estimate":0.2767635714023451,"standard_error":0.01641807122849537}}