{"mean":{"confidence_interval":{"confidence_level":0.95,"lower_bound":2.1545992038743997,"upper_bound":2.157045393466687},"point_estimate":2.1557489292980465,"standard_error":0.0006243505501603351},"median":{"confidence_interval":{"confidence_level":0.95,"lower_bound":2.1531879342328306,"upper_bound":2.1550237482315486},"point_estimate":2.154134967832637,"standard_error":0.00042490478873072264},"median_abs_dev":{"confidence_interval":{"confidence_level":0.95,"lower_bound":0.0025787091044972435,"upper_bound":0.004305699672951202},"point_estimate":0.0034934714004152476,"standard_error":0.0004553195737199968},"slope":{"confidence_interval":{"confidence_level":0.95,"lower_bound":2.1544473398340145,"upper_bound":2.1557439944370302},"point_estimate":2.1550747165411104,"standard_error":0.0003315137429932035},"std_dev":{"confidence_interval":{"confidence_level":0.95,"lower_bound":0.00428707586512705,"upper_bound":0.007967875896663394},"point_estimate":0.006274791701716838,"standard_error":0.0009416221965996567}}