{"mean":{"confidence_interval":{"confidence_level":0.95,"lower_bound":-0.00822157136851076,"upper_bound":-0.006981982816275045},"point_estimate":-0.007568305381466023,"standard_error":0.0003163630317669807},"median":{"confidence_interval":{"confidence_level":0.95,"lower_bound":-0.00875414916197523,"upper_bound":-0.00700949148083696},"point_estimate":-0.007197586006472245,"standard_error":0.00038551772135595987}}