{"mean":{"confidence_interval":{"confidence_level":0.95,"lower_bound":91.54654812924133,"upper_bound":92.03844260623279},"point_estimate":91.79371298221913,"standard_error":0.12543291587853853},"median":{"confidence_interval":{"confidence_level":0.95,"lower_bound":91.27039867109634,"upper_bound":92.47331923890063},"point_estimate":92.35825605620155,"standard_error":0.35445403002534953},"median_abs_dev":{"confidence_interval":{"confidence_level":0.95,"lower_bound":0.7385066825410638,"upper_bound":1.7228024041428216},"point_estimate":1.3525298954869012,"standard_error":0.277759642971729},"slope":{"confidence_interval":{"confidence_level":0.95,"lower_bound":91.207328517149,"upper_bound":91.79729466129037},"point_estimate":91.50831071444527,"standard_error":0.15023321674510062},"std_dev":{"confidence_interval":{"confidence_level":0.95,"lower_bound":1.106440577294609,"upper_bound":1.4010267345017806},"point_estimate":1.2577704796850446,"standard_error":0.07513519107293222}}