{"mean":{"confidence_interval":{"confidence_level":0.95,"lower_bound":0.01977533679709926,"upper_bound":0.021327029818529346},"point_estimate":0.020566609712612482,"standard_error":0.00039496576194309303},"median":{"confidence_interval":{"confidence_level":0.95,"lower_bound":0.0200034602740482,"upper_bound":0.02142343723356066},"point_estimate":0.02081826396614206,"standard_error":0.00037337527136741835}}