{"mean":{"confidence_interval":{"confidence_level":0.95,"lower_bound":-0.006384495748558186,"upper_bound":-0.003163188905609621},"point_estimate":-0.004540358493022478,"standard_error":0.0008306223478890763},"median":{"confidence_interval":{"confidence_level":0.95,"lower_bound":-0.0053852903159926635,"upper_bound":-0.0022811591248598417},"point_estimate":-0.003868707941119376,"standard_error":0.0007651097582712983}}