{"mean":{"confidence_interval":{"confidence_level":0.95,"lower_bound":45.501570425336006,"upper_bound":52.04157322890385},"point_estimate":49.0020355100797,"standard_error":1.688648358375091},"median":{"confidence_interval":{"confidence_level":0.95,"lower_bound":44.13501167128736,"upper_bound":55.45632838777268},"point_estimate":51.80116052097752,"standard_error":3.1886015060465542}}