{"mean":{"confidence_interval":{"confidence_level":0.95,"lower_bound":0.00532050195747596,"upper_bound":0.007529726867648928},"point_estimate":0.0064458704115677445,"standard_error":0.0005640423259628568},"median":{"confidence_interval":{"confidence_level":0.95,"lower_bound":0.00433152181846741,"upper_bound":0.00807292451527064},"point_estimate":0.006559637032769405,"standard_error":0.0010125210378155525}}