{"mean":{"confidence_interval":{"confidence_level":0.95,"lower_bound":-0.1043438687536852,"upper_bound":0.11844007279502858},"point_estimate":-0.0013953309999061858,"standard_error":0.05677837794736584},"median":{"confidence_interval":{"confidence_level":0.95,"lower_bound":-0.2654985273050454,"upper_bound":0.1410593315588693},"point_estimate":-0.0663720170547778,"standard_error":0.10245205240255474}}