{"mean":{"confidence_interval":{"confidence_level":0.95,"lower_bound":8.03431017492053,"upper_bound":8.04205573197025},"point_estimate":8.038050850444062,"standard_error":0.0019813393794143},"median":{"confidence_interval":{"confidence_level":0.95,"lower_bound":8.02949864553981,"upper_bound":8.042538099186613},"point_estimate":8.03371319151529,"standard_error":0.003005106366069327},"median_abs_dev":{"confidence_interval":{"confidence_level":0.95,"lower_bound":0.016283044319621656,"upper_bound":0.023607127273005492},"point_estimate":0.020001249618625535,"standard_error":0.0019317251857440348},"slope":{"confidence_interval":{"confidence_level":0.95,"lower_bound":8.023031876834626,"upper_bound":8.027106736317037},"point_estimate":8.024914915119279,"standard_error":0.001039604697113243},"std_dev":{"confidence_interval":{"confidence_level":0.95,"lower_bound":0.015594645635421501,"upper_bound":0.025098540759229265},"point_estimate":0.019990392631975232,"standard_error":0.002556686761747007}}