{"mean":{"confidence_interval":{"confidence_level":0.95,"lower_bound":760.5476649093797,"upper_bound":857.628527506432},"point_estimate":806.8726055458624,"standard_error":24.796724193262214},"median":{"confidence_interval":{"confidence_level":0.95,"lower_bound":668.6134603174603,"upper_bound":787.622054611465},"point_estimate":719.5164498202028,"standard_error":37.75631303039175},"median_abs_dev":{"confidence_interval":{"confidence_level":0.95,"lower_bound":95.56987823242072,"upper_bound":221.73027875615432},"point_estimate":158.58014980571923,"standard_error":37.55472560841223},"slope":{"confidence_interval":{"confidence_level":0.95,"lower_bound":735.8720185409201,"upper_bound":854.8016711819854},"point_estimate":791.1391143068251,"standard_error":30.40920361915461},"std_dev":{"confidence_interval":{"confidence_level":0.95,"lower_bound":185.3320432450932,"upper_bound":306.41825769544977},"point_estimate":249.4924320562884,"standard_error":30.97153732367252}}