{"mean":{"confidence_interval":{"confidence_level":0.95,"lower_bound":0.002908915089048847,"upper_bound":0.005703762208478107},"point_estimate":0.00432251798281702,"standard_error":0.0007101646125595055},"median":{"confidence_interval":{"confidence_level":0.95,"lower_bound":0.0007135162861788835,"upper_bound":0.00609872633772901},"point_estimate":0.0024487533056063437,"standard_error":0.0012537403421243255}}