{"mean":{"confidence_interval":{"confidence_level":0.95,"lower_bound":42.8426010731452,"upper_bound":43.23595955568083},"point_estimate":43.063582191946544,"standard_error":0.1060102310691497},"median":{"confidence_interval":{"confidence_level":0.95,"lower_bound":42.16903941767095,"upper_bound":44.2229078362837},"point_estimate":42.276146427896606,"standard_error":0.4272071444713491}}