{"mean":{"confidence_interval":{"confidence_level":0.95,"lower_bound":-0.19053828764457043,"upper_bound":0.05993331254419591},"point_estimate":-0.07587609598763156,"standard_error":0.06417647607056857},"median":{"confidence_interval":{"confidence_level":0.95,"lower_bound":-0.26175637106778904,"upper_bound":0.24850595426516175},"point_estimate":-0.06044420842021736,"standard_error":0.14138158126888353}}