{"mean":{"confidence_interval":{"confidence_level":0.95,"lower_bound":33.58665822052085,"upper_bound":33.65185823781737},"point_estimate":33.61853100221988,"standard_error":0.016623273841193855},"median":{"confidence_interval":{"confidence_level":0.95,"lower_bound":33.55993469934186,"upper_bound":33.67832151176938},"point_estimate":33.620554773360766,"standard_error":0.02817018074717634}}