{"mean":{"confidence_interval":{"confidence_level":0.95,"lower_bound":74.26818144866415,"upper_bound":74.49146007957351},"point_estimate":74.3733122218991,"standard_error":0.0572215757180391},"median":{"confidence_interval":{"confidence_level":0.95,"lower_bound":74.12883939677323,"upper_bound":74.30295004211179},"point_estimate":74.21746263501632,"standard_error":0.04801482163681402},"median_abs_dev":{"confidence_interval":{"confidence_level":0.95,"lower_bound":0.24930677760104752,"upper_bound":0.44094112086635556},"point_estimate":0.3284840732312777,"standard_error":0.05227771088533762},"slope":{"confidence_interval":{"confidence_level":0.95,"lower_bound":74.1662275003104,"upper_bound":74.40054120833463},"point_estimate":74.27670993558995,"standard_error":0.05965594014430087},"std_dev":{"confidence_interval":{"confidence_level":0.95,"lower_bound":0.4105934840518309,"upper_bound":0.7185345789762252},"point_estimate":0.5741506472060177,"standard_error":0.07897072524538194}}