{"mean":{"confidence_interval":{"confidence_level":0.95,"lower_bound":-0.021762827014494498,"upper_bound":0.1919557045730882},"point_estimate":0.07895962209064677,"standard_error":0.05464883019504538},"median":{"confidence_interval":{"confidence_level":0.95,"lower_bound":-0.08788060384177032,"upper_bound":0.4240565837017749},"point_estimate":0.09353998522157836,"standard_error":0.14149827312837499}}