{"mean":{"confidence_interval":{"confidence_level":0.95,"lower_bound":-0.05205188097271842,"upper_bound":0.11983918364558799},"point_estimate":0.02660772692782354,"standard_error":0.04371079674345759},"median":{"confidence_interval":{"confidence_level":0.95,"lower_bound":-0.09726054940073214,"upper_bound":0.15558221062124944},"point_estimate":-0.03729138629055195,"standard_error":0.06840103270010922}}