{"mean":{"confidence_interval":{"confidence_level":0.95,"lower_bound":-0.013571689425889079,"upper_bound":-0.003895831790678808},"point_estimate":-0.008688801935731738,"standard_error":0.002504134219097633},"median":{"confidence_interval":{"confidence_level":0.95,"lower_bound":-0.009546277505150136,"upper_bound":0.007078398443748135},"point_estimate":0.005180176648315493,"standard_error":0.0038839348650799984}}