{"mean":{"confidence_interval":{"confidence_level":0.95,"lower_bound":295.3177568016285,"upper_bound":344.84511363964936},"point_estimate":318.9999475069412,"standard_error":12.652089520218695},"median":{"confidence_interval":{"confidence_level":0.95,"lower_bound":245.44155402989344,"upper_bound":294.79695019878636},"point_estimate":267.8862352336929,"standard_error":11.38827307982657},"median_abs_dev":{"confidence_interval":{"confidence_level":0.95,"lower_bound":30.477560100111738,"upper_bound":89.21421694522498},"point_estimate":58.999967095588694,"standard_error":14.085032540802452},"slope":{"confidence_interval":{"confidence_level":0.95,"lower_bound":271.1331767569141,"upper_bound":334.1453748253318},"point_estimate":299.30380107350476,"standard_error":16.17745577857392},"std_dev":{"confidence_interval":{"confidence_level":0.95,"lower_bound":97.05098023856365,"upper_bound":150.94641008439734},"point_estimate":126.91366853736737,"standard_error":13.75665496792932}}