{"mean":{"confidence_interval":{"confidence_level":0.95,"lower_bound":25.13346424699774,"upper_bound":28.997524586369963},"point_estimate":27.128426849048576,"standard_error":0.9781559689163358},"median":{"confidence_interval":{"confidence_level":0.95,"lower_bound":21.672727083102824,"upper_bound":28.64422979229191},"point_estimate":23.681455807049435,"standard_error":2.2582269550026224}}