{"mean":{"confidence_interval":{"confidence_level":0.95,"lower_bound":49.226745776934564,"upper_bound":49.27297722490062},"point_estimate":49.24765176362453,"standard_error":0.011871509484074363},"median":{"confidence_interval":{"confidence_level":0.95,"lower_bound":49.215249632061585,"upper_bound":49.226096582260965},"point_estimate":49.21786173335934,"standard_error":0.002447756172210465},"median_abs_dev":{"confidence_interval":{"confidence_level":0.95,"lower_bound":0.019541062172411396,"upper_bound":0.03836865537213378},"point_estimate":0.027295910141645164,"standard_error":0.004699245385442599},"slope":{"confidence_interval":{"confidence_level":0.95,"lower_bound":49.242661082815026,"upper_bound":49.333289356400435},"point_estimate":49.27981043526557,"standard_error":0.02376679441715489},"std_dev":{"confidence_interval":{"confidence_level":0.95,"lower_bound":0.06819963437114912,"upper_bound":0.17243529462193505},"point_estimate":0.11902543008395426,"standard_error":0.02982901421676089}}