{"mean":{"confidence_interval":{"confidence_level":0.95,"lower_bound":32.95992180852181,"upper_bound":36.04926006707438},"point_estimate":34.42273393474754,"standard_error":0.8369902225450966},"median":{"confidence_interval":{"confidence_level":0.95,"lower_bound":29.35236619554058,"upper_bound":35.64181767635669},"point_estimate":32.117221592855714,"standard_error":1.7030157413880465}}