{"mean":{"confidence_interval":{"confidence_level":0.95,"lower_bound":28.117518046454943,"upper_bound":32.62047201164559},"point_estimate":30.42025203808682,"standard_error":1.1307288959854886},"median":{"confidence_interval":{"confidence_level":0.95,"lower_bound":23.86862006024927,"upper_bound":31.200060652453622},"point_estimate":27.30212845003536,"standard_error":1.709740192042807}}