{"mean":{"confidence_interval":{"confidence_level":0.95,"lower_bound":-0.022125471500263748,"upper_bound":0.22223132039284219},"point_estimate":0.09278123922626258,"standard_error":0.0624290653135158},"median":{"confidence_interval":{"confidence_level":0.95,"lower_bound":-0.10757579052565214,"upper_bound":0.33566899057449073},"point_estimate":0.11658466391726696,"standard_error":0.11317262157206297}}