{"mean":{"confidence_interval":{"confidence_level":0.95,"lower_bound":5.028048963202786,"upper_bound":5.032857996583562},"point_estimate":5.030417695518915,"standard_error":0.0012312711978719711},"median":{"confidence_interval":{"confidence_level":0.95,"lower_bound":5.025375562301276,"upper_bound":5.031916650831007},"point_estimate":5.0295806473617795,"standard_error":0.0019098458800438968},"median_abs_dev":{"confidence_interval":{"confidence_level":0.95,"lower_bound":0.00946849994945914,"upper_bound":0.01474302242599848},"point_estimate":0.011925324541304422,"standard_error":0.0013524747883867964},"slope":{"confidence_interval":{"confidence_level":0.95,"lower_bound":5.021544708865777,"upper_bound":5.0252601579140475},"point_estimate":5.023302167794724,"standard_error":0.0009457856619325593},"std_dev":{"confidence_interval":{"confidence_level":0.95,"lower_bound":0.01028336542431515,"upper_bound":0.014269025018604062},"point_estimate":0.012346178396337736,"standard_error":0.0010231896685858103}}