{"mean":{"confidence_interval":{"confidence_level":0.95,"lower_bound":258.50492889097245,"upper_bound":297.38803890403574},"point_estimate":277.7989719241239,"standard_error":9.937311530599505},"median":{"confidence_interval":{"confidence_level":0.95,"lower_bound":229.29350618316505,"upper_bound":307.3935823593173},"point_estimate":263.9455059486274,"standard_error":19.855758233534075},"median_abs_dev":{"confidence_interval":{"confidence_level":0.95,"lower_bound":94.6785390713364,"upper_bound":146.60401242219882},"point_estimate":115.9267574107257,"standard_error":13.145599524923467},"slope":{"confidence_interval":{"confidence_level":0.95,"lower_bound":244.28043356398265,"upper_bound":295.82238681031293},"point_estimate":269.23169073323885,"standard_error":13.123573635558111},"std_dev":{"confidence_interval":{"confidence_level":0.95,"lower_bound":89.71178991881592,"upper_bound":108.27880158191516},"point_estimate":99.86694861403964,"standard_error":4.748834972191022}}