{"mean":{"confidence_interval":{"confidence_level":0.95,"lower_bound":27.24613645132464,"upper_bound":31.983825123997505},"point_estimate":29.72612558983165,"standard_error":1.2235214632636497},"median":{"confidence_interval":{"confidence_level":0.95,"lower_bound":23.378171885337643,"upper_bound":29.251487261282296},"point_estimate":25.561450904967128,"standard_error":1.7125485131072045}}