{"mean":{"confidence_interval":{"confidence_level":0.95,"lower_bound":445.8425020771893,"upper_bound":506.4222133526974},"point_estimate":475.82371543373597,"standard_error":15.44034275842486},"median":{"confidence_interval":{"confidence_level":0.95,"lower_bound":415.1569976076555,"upper_bound":501.1593151913876},"point_estimate":448.66851797325484,"standard_error":25.402299782299394},"median_abs_dev":{"confidence_interval":{"confidence_level":0.95,"lower_bound":153.79938812118965,"upper_bound":242.96438005200986},"point_estimate":209.46620340616155,"standard_error":22.884292895774564},"slope":{"confidence_interval":{"confidence_level":0.95,"lower_bound":426.6900186510905,"upper_bound":505.1398315747473},"point_estimate":465.508145934782,"standard_error":20.021102792526154},"std_dev":{"confidence_interval":{"confidence_level":0.95,"lower_bound":141.01818988503695,"upper_bound":166.3704629219476},"point_estimate":155.01669345460957,"standard_error":6.4612416262029555}}