{"mean":{"confidence_interval":{"confidence_level":0.95,"lower_bound":455.10315287815274,"upper_bound":526.287197526473},"point_estimate":490.4307654505914,"standard_error":18.17622675231562},"median":{"confidence_interval":{"confidence_level":0.95,"lower_bound":417.16858080393763,"upper_bound":518.9900438005391},"point_estimate":479.94770481091234,"standard_error":24.504617266470675},"median_abs_dev":{"confidence_interval":{"confidence_level":0.95,"lower_bound":155.54541428821665,"upper_bound":257.80289685237904},"point_estimate":207.71324931406792,"standard_error":24.985811935700195},"slope":{"confidence_interval":{"confidence_level":0.95,"lower_bound":450.18470347921135,"upper_bound":548.8193198290644},"point_estimate":498.9645363001119,"standard_error":25.253870175685417},"std_dev":{"confidence_interval":{"confidence_level":0.95,"lower_bound":160.4633992574599,"upper_bound":200.62948001224373},"point_estimate":182.184987869763,"standard_error":10.228357539939948}}