{"mean":{"confidence_interval":{"confidence_level":0.95,"lower_bound":32.1728694239595,"upper_bound":32.27832884422073},"point_estimate":32.22086291348682,"standard_error":0.02701056743613786},"median":{"confidence_interval":{"confidence_level":0.95,"lower_bound":32.13676828865188,"upper_bound":32.19268033470886},"point_estimate":32.170168521445305,"standard_error":0.014276101506440311}}