{"mean":{"confidence_interval":{"confidence_level":0.95,"lower_bound":-0.01649275908527386,"upper_bound":-0.015279098362438317},"point_estimate":-0.015872829753389328,"standard_error":0.0003102939385245365},"median":{"confidence_interval":{"confidence_level":0.95,"lower_bound":-0.0162796583974562,"upper_bound":-0.014097614367616362},"point_estimate":-0.015112035684251457,"standard_error":0.0005479070816999745}}