{"mean":{"confidence_interval":{"confidence_level":0.95,"lower_bound":29.01020303993476,"upper_bound":29.373591997035366},"point_estimate":29.203586678890552,"standard_error":0.09143518962106396},"median":{"confidence_interval":{"confidence_level":0.95,"lower_bound":28.501148624491286,"upper_bound":29.744399603205096},"point_estimate":28.912929946397302,"standard_error":0.3524627212900164}}