{"mean":{"confidence_interval":{"confidence_level":0.95,"lower_bound":362.69193445322117,"upper_bound":394.02292630495754},"point_estimate":378.28301807902244,"standard_error":8.018998881968049},"median":{"confidence_interval":{"confidence_level":0.95,"lower_bound":331.1342427558891,"upper_bound":383.31986509425536},"point_estimate":357.96793863099924,"standard_error":14.79286931057491},"median_abs_dev":{"confidence_interval":{"confidence_level":0.95,"lower_bound":60.4166242831027,"upper_bound":118.1011681796628},"point_estimate":91.6551070739203,"standard_error":16.52361112637587},"slope":{"confidence_interval":{"confidence_level":0.95,"lower_bound":353.78916763602433,"upper_bound":394.26224284531435},"point_estimate":373.8528856710263,"standard_error":10.330237862249259},"std_dev":{"confidence_interval":{"confidence_level":0.95,"lower_bound":73.09624219912733,"upper_bound":86.68635318612402},"point_estimate":80.72153266676891,"standard_error":3.4593267739629256}}