{"mean":{"confidence_interval":{"confidence_level":0.95,"lower_bound":98.96972483700907,"upper_bound":117.5232564708294},"point_estimate":108.13839427152033,"standard_error":4.743707346954959},"median":{"confidence_interval":{"confidence_level":0.95,"lower_bound":81.50991916571783,"upper_bound":107.96004803058706},"point_estimate":99.24551251933607,"standard_error":7.748785831173589},"median_abs_dev":{"confidence_interval":{"confidence_level":0.95,"lower_bound":36.396718305685404,"upper_bound":71.64598621629801},"point_estimate":58.98874193542846,"standard_error":8.9210706849807},"slope":{"confidence_interval":{"confidence_level":0.95,"lower_bound":97.82950964610482,"upper_bound":119.86005696071693},"point_estimate":108.58499224368423,"standard_error":5.632982166314956},"std_dev":{"confidence_interval":{"confidence_level":0.95,"lower_bound":43.2696969807535,"upper_bound":51.1689086899048},"point_estimate":47.73222555041125,"standard_error":2.013941545113848}}