{"mean":{"confidence_interval":{"confidence_level":0.95,"lower_bound":139.14364961014655,"upper_bound":161.96533001107093},"point_estimate":150.44888281524516,"standard_error":5.80451816369875},"median":{"confidence_interval":{"confidence_level":0.95,"lower_bound":119.25285010209828,"upper_bound":149.2509085530764},"point_estimate":137.06806960168922,"standard_error":9.252301000004845},"median_abs_dev":{"confidence_interval":{"confidence_level":0.95,"lower_bound":40.49422177308789,"upper_bound":77.7494896151574},"point_estimate":64.25609604504805,"standard_error":11.281401043831739},"slope":{"confidence_interval":{"confidence_level":0.95,"lower_bound":138.51849712302976,"upper_bound":166.76547822444198},"point_estimate":152.47061768257902,"standard_error":7.225928786788553},"std_dev":{"confidence_interval":{"confidence_level":0.95,"lower_bound":51.743748601665004,"upper_bound":63.38611947868303},"point_estimate":58.24395266385626,"standard_error":2.958084542100859}}