{"mean":{"confidence_interval":{"confidence_level":0.95,"lower_bound":0.000031193491674458354,"upper_bound":0.002342612353507228},"point_estimate":0.0011776664740512643,"standard_error":0.0005884393652641899},"median":{"confidence_interval":{"confidence_level":0.95,"lower_bound":-0.0009703194944228333,"upper_bound":0.002095021640290695},"point_estimate":0.00043334557608853963,"standard_error":0.0007497665197969964}}