{"mean":{"confidence_interval":{"confidence_level":0.95,"lower_bound":-0.12687173692300222,"upper_bound":0.2004578422506912},"point_estimate":0.02665539512400339,"standard_error":0.08338024031880863},"median":{"confidence_interval":{"confidence_level":0.95,"lower_bound":-0.2188889329930073,"upper_bound":0.5301831731509312},"point_estimate":0.22840009337672407,"standard_error":0.20260985361928324}}