{"mean":{"confidence_interval":{"confidence_level":0.95,"lower_bound":0.020759266965281575,"upper_bound":0.04006078462946154},"point_estimate":0.02748851468881508,"standard_error":0.005869899466446361},"median":{"confidence_interval":{"confidence_level":0.95,"lower_bound":0.019754109035330814,"upper_bound":0.022657720989862407},"point_estimate":0.020859754862418978,"standard_error":0.000693257413714315}}