{"mean":{"confidence_interval":{"confidence_level":0.95,"lower_bound":166.0427885576944,"upper_bound":166.77439545901075},"point_estimate":166.39896045404254,"standard_error":0.18688157328498822},"median":{"confidence_interval":{"confidence_level":0.95,"lower_bound":165.92976425284118,"upper_bound":166.43049077619213},"point_estimate":166.28612228271808,"standard_error":0.12972238586366075},"median_abs_dev":{"confidence_interval":{"confidence_level":0.95,"lower_bound":1.1680708290324566,"upper_bound":2.139647429720577},"point_estimate":1.7743767634545915,"standard_error":0.257036027757669},"slope":{"confidence_interval":{"confidence_level":0.95,"lower_bound":166.0060464797497,"upper_bound":166.7616992423558},"point_estimate":166.35778181895856,"standard_error":0.1934573321618469},"std_dev":{"confidence_interval":{"confidence_level":0.95,"lower_bound":1.4625951796877468,"upper_bound":2.300503855408477},"point_estimate":1.8741670134083257,"standard_error":0.21794872229717205}}