{"mean":{"confidence_interval":{"confidence_level":0.95,"lower_bound":298.83880732570174,"upper_bound":337.7344720575692},"point_estimate":317.4388828136058,"standard_error":9.953345132453562},"median":{"confidence_interval":{"confidence_level":0.95,"lower_bound":259.13453213946866,"upper_bound":294.7060931899642},"point_estimate":269.01900952817914,"standard_error":9.060450011399507},"median_abs_dev":{"confidence_interval":{"confidence_level":0.95,"lower_bound":26.826032199433975,"upper_bound":75.71109127246793},"point_estimate":42.44355006222586,"standard_error":11.968866189826802},"slope":{"confidence_interval":{"confidence_level":0.95,"lower_bound":285.7352839868061,"upper_bound":323.399338656044},"point_estimate":303.6819156731513,"standard_error":9.60921411515886},"std_dev":{"confidence_interval":{"confidence_level":0.95,"lower_bound":77.83259676391138,"upper_bound":119.55355377436634},"point_estimate":100.0361922525103,"standard_error":10.665347121543856}}