{"mean":{"confidence_interval":{"confidence_level":0.95,"lower_bound":-0.004801354962264198,"upper_bound":-0.0032506919578313676},"point_estimate":-0.004016198806967686,"standard_error":0.00039633721885704997},"median":{"confidence_interval":{"confidence_level":0.95,"lower_bound":-0.004552534443075018,"upper_bound":-0.002673790821962063},"point_estimate":-0.0035758791813468305,"standard_error":0.00046155648529519857}}