{"mean":{"confidence_interval":{"confidence_level":0.95,"lower_bound":38.584068313365044,"upper_bound":38.69188174410918},"point_estimate":38.63078528917948,"standard_error":0.0279635553860875},"median":{"confidence_interval":{"confidence_level":0.95,"lower_bound":38.57438799465882,"upper_bound":38.65661184640888},"point_estimate":38.62895352551144,"standard_error":0.021115818433939622}}