{"mean":{"confidence_interval":{"confidence_level":0.95,"lower_bound":35.43411057644637,"upper_bound":38.27883134780063},"point_estimate":36.84194260101223,"standard_error":0.7023144842172896},"median":{"confidence_interval":{"confidence_level":0.95,"lower_bound":32.502250726952454,"upper_bound":35.073098520814895},"point_estimate":33.76204984259607,"standard_error":0.6429153516146492}}