{"mean":{"confidence_interval":{"confidence_level":0.95,"lower_bound":28.54913981745409,"upper_bound":33.3899952097696},"point_estimate":30.98350562080045,"standard_error":1.2692324323743807},"median":{"confidence_interval":{"confidence_level":0.95,"lower_bound":23.326936452559146,"upper_bound":25.818312769270158},"point_estimate":23.967425915796923,"standard_error":0.7506097145541926}}