{"mean":{"confidence_interval":{"confidence_level":0.95,"lower_bound":692.5752095014777,"upper_bound":796.6153136623446},"point_estimate":744.6785464167929,"standard_error":26.647673301132595},"median":{"confidence_interval":{"confidence_level":0.95,"lower_bound":702.4117905183728,"upper_bound":803.6445157932844},"point_estimate":762.2331208358571,"standard_error":28.258593701176316},"median_abs_dev":{"confidence_interval":{"confidence_level":0.95,"lower_bound":212.00205171862314,"upper_bound":408.218856948433},"point_estimate":325.6280414162271,"standard_error":50.58581980768764},"slope":{"confidence_interval":{"confidence_level":0.95,"lower_bound":656.7035757464698,"upper_bound":796.6071841534365},"point_estimate":726.8644354085191,"standard_error":35.6921421833608},"std_dev":{"confidence_interval":{"confidence_level":0.95,"lower_bound":239.0604472357406,"upper_bound":290.97392401402016},"point_estimate":267.40143587099493,"standard_error":13.227102273942473}}