{"mean":{"confidence_interval":{"confidence_level":0.95,"lower_bound":37.14552328875063,"upper_bound":37.48338057372787},"point_estimate":37.31115884743809,"standard_error":0.08851423410419393},"median":{"confidence_interval":{"confidence_level":0.95,"lower_bound":37.17718776052212,"upper_bound":37.55748772825297},"point_estimate":37.41585254694557,"standard_error":0.09299190060905317}}