{"mean":{"confidence_interval":{"confidence_level":0.95,"lower_bound":-0.006441634485434311,"upper_bound":-0.0046089804463675735},"point_estimate":-0.005544883057644445,"standard_error":0.0004691214868285877},"median":{"confidence_interval":{"confidence_level":0.95,"lower_bound":-0.007740160775688578,"upper_bound":-0.005195920923480979},"point_estimate":-0.005949448880000596,"standard_error":0.0006661922218581516}}