{"mean":{"confidence_interval":{"confidence_level":0.95,"lower_bound":29.86671595135409,"upper_bound":34.815222522083054},"point_estimate":32.33671897012524,"standard_error":1.340390448294964},"median":{"confidence_interval":{"confidence_level":0.95,"lower_bound":25.50731364344393,"upper_bound":37.07215238527992},"point_estimate":30.66238691854004,"standard_error":2.92353484168706}}