{"mean":{"confidence_interval":{"confidence_level":0.95,"lower_bound":-0.096096634303904,"upper_bound":0.09483533759566351},"point_estimate":-0.0031339559123879646,"standard_error":0.04901314819971062},"median":{"confidence_interval":{"confidence_level":0.95,"lower_bound":-0.19050166149150727,"upper_bound":0.12791618470725807},"point_estimate":-0.06890830994837305,"standard_error":0.08572270082788036}}