{"mean":{"confidence_interval":{"confidence_level":0.95,"lower_bound":29.512716014916833,"upper_bound":32.57526856353792},"point_estimate":30.984396367438812,"standard_error":0.7827511351642642},"median":{"confidence_interval":{"confidence_level":0.95,"lower_bound":27.168917585524113,"upper_bound":34.076575762626604},"point_estimate":30.013311756670706,"standard_error":1.564064818013943}}