{"mean":{"confidence_interval":{"confidence_level":0.95,"lower_bound":-0.006937493839951663,"upper_bound":-0.0055838411584478815},"point_estimate":-0.006241763877842699,"standard_error":0.00034659936641758037},"median":{"confidence_interval":{"confidence_level":0.95,"lower_bound":-0.006070449606779715,"upper_bound":-0.00480546185121844},"point_estimate":-0.00524896172662892,"standard_error":0.0002955373715950485}}