{"mean":{"confidence_interval":{"confidence_level":0.95,"lower_bound":34.883983466663835,"upper_bound":34.96949199749184},"point_estimate":34.92347406621395,"standard_error":0.022477848344041308},"median":{"confidence_interval":{"confidence_level":0.95,"lower_bound":34.888145788608725,"upper_bound":34.95878853934597},"point_estimate":34.933810478736184,"standard_error":0.01792457519914343}}