{"mean":{"confidence_interval":{"confidence_level":0.95,"lower_bound":44.33530937493123,"upper_bound":44.41594729960063},"point_estimate":44.37468289870772,"standard_error":0.020497090788748125},"median":{"confidence_interval":{"confidence_level":0.95,"lower_bound":44.27770150973793,"upper_bound":44.33490610138024},"point_estimate":44.29708807179413,"standard_error":0.015266828565759338}}