{"mean":{"confidence_interval":{"confidence_level":0.95,"lower_bound":28.848563354730384,"upper_bound":31.202216745219662},"point_estimate":29.978892886020976,"standard_error":0.6204714843939851},"median":{"confidence_interval":{"confidence_level":0.95,"lower_bound":26.9238797165002,"upper_bound":29.879264245429518},"point_estimate":28.813359132669106,"standard_error":0.7136056924232641}}