{"mean":{"confidence_interval":{"confidence_level":0.95,"lower_bound":113.11318062998146,"upper_bound":113.23574767662063},"point_estimate":113.17328273730337,"standard_error":0.031171721470273132},"median":{"confidence_interval":{"confidence_level":0.95,"lower_bound":113.0299275172474,"upper_bound":113.21411403703229},"point_estimate":113.08265150565927,"standard_error":0.05146954384971283},"median_abs_dev":{"confidence_interval":{"confidence_level":0.95,"lower_bound":0.20726100469293346,"upper_bound":0.3622832804271992},"point_estimate":0.2911447261430193,"standard_error":0.038371665651351035},"slope":{"confidence_interval":{"confidence_level":0.95,"lower_bound":112.94610053159435,"upper_bound":113.0368900083357},"point_estimate":112.98892671291303,"standard_error":0.023094523369206733},"std_dev":{"confidence_interval":{"confidence_level":0.95,"lower_bound":0.26266980007689983,"upper_bound":0.35989530352052246},"point_estimate":0.3130393724034844,"standard_error":0.0248134332772967}}