{"mean":{"confidence_interval":{"confidence_level":0.95,"lower_bound":-0.10644243438490829,"upper_bound":0.04439136587938519},"point_estimate":-0.037538467791208285,"standard_error":0.03825065920976889},"median":{"confidence_interval":{"confidence_level":0.95,"lower_bound":-0.2627253203049778,"upper_bound":0.11840692146600995},"point_estimate":-0.10809967251626229,"standard_error":0.0942268913308298}}