{"mean":{"confidence_interval":{"confidence_level":0.95,"lower_bound":0.016587874652391737,"upper_bound":0.017401954560222938},"point_estimate":0.017004579501137762,"standard_error":0.0002081769520914484},"median":{"confidence_interval":{"confidence_level":0.95,"lower_bound":0.016568077030884913,"upper_bound":0.017416757527686677},"point_estimate":0.017024302967679317,"standard_error":0.0002112980302861356}}