{"mean":{"confidence_interval":{"confidence_level":0.95,"lower_bound":26.876776038460193,"upper_bound":30.31877715367484},"point_estimate":28.56938420872244,"standard_error":0.8209886380779218},"median":{"confidence_interval":{"confidence_level":0.95,"lower_bound":25.238012426384312,"upper_bound":30.06851244012377},"point_estimate":27.364009196248983,"standard_error":1.292092399753657}}