{"mean":{"confidence_interval":{"confidence_level":0.95,"lower_bound":-0.008138385596041535,"upper_bound":-0.0029380684550666374},"point_estimate":-0.005257062814906788,"standard_error":0.0013275420562781663},"median":{"confidence_interval":{"confidence_level":0.95,"lower_bound":-0.005307600117928746,"upper_bound":-0.002907184296536136},"point_estimate":-0.004092358676749175,"standard_error":0.0005728020805962119}}