{"mean":{"confidence_interval":{"confidence_level":0.95,"lower_bound":0.00913910273634771,"upper_bound":0.22591189387591742},"point_estimate":0.11494843046500658,"standard_error":0.055507886033112415},"median":{"confidence_interval":{"confidence_level":0.95,"lower_bound":-0.03187267485688461,"upper_bound":0.33930949939751454},"point_estimate":0.1506969738747932,"standard_error":0.09186850964857951}}