{"mean":{"confidence_interval":{"confidence_level":0.95,"lower_bound":0.0583405114288479,"upper_bound":0.06362530484441228},"point_estimate":0.06098926762622403,"standard_error":0.0013464713411492286},"median":{"confidence_interval":{"confidence_level":0.95,"lower_bound":0.05892836775620136,"upper_bound":0.06422301189226387},"point_estimate":0.06191498281128216,"standard_error":0.0014042988405719413}}