{"mean":{"confidence_interval":{"confidence_level":0.95,"lower_bound":-0.05363101927927514,"upper_bound":-0.051104250556018915},"point_estimate":-0.052361855161422,"standard_error":0.000643286302860267},"median":{"confidence_interval":{"confidence_level":0.95,"lower_bound":-0.05424018555164967,"upper_bound":-0.051159411558565404},"point_estimate":-0.052869448774074956,"standard_error":0.0008065635037357874}}