{"mean":{"confidence_interval":{"confidence_level":0.95,"lower_bound":38.68712590716586,"upper_bound":38.8097116609871},"point_estimate":38.74924730458011,"standard_error":0.031433886642274825},"median":{"confidence_interval":{"confidence_level":0.95,"lower_bound":38.64762571091271,"upper_bound":38.823959031101566},"point_estimate":38.75538199117307,"standard_error":0.04652522646675285}}