{"mean":{"confidence_interval":{"confidence_level":0.95,"lower_bound":44.428422420514025,"upper_bound":49.709359854292295},"point_estimate":46.746651488139875,"standard_error":1.2718622646390987},"median":{"confidence_interval":{"confidence_level":0.95,"lower_bound":40.31947772575416,"upper_bound":48.82272166423408},"point_estimate":43.799825543567216,"standard_error":2.087833769069144}}