{"mean":{"confidence_interval":{"confidence_level":0.95,"lower_bound":38.34873563561322,"upper_bound":38.621254442884805},"point_estimate":38.4837560541937,"standard_error":0.07085040393790222},"median":{"confidence_interval":{"confidence_level":0.95,"lower_bound":38.17071552850412,"upper_bound":38.27863626298044},"point_estimate":38.2282732973728,"standard_error":0.027087813904680142}}