{"mean":{"confidence_interval":{"confidence_level":0.95,"lower_bound":-0.011401462695471192,"upper_bound":-0.009945706217795553},"point_estimate":-0.010633568361256729,"standard_error":0.00037029929376075854},"median":{"confidence_interval":{"confidence_level":0.95,"lower_bound":-0.010371207019750547,"upper_bound":-0.009129566763181107},"point_estimate":-0.009793971888850006,"standard_error":0.0003005531929516439}}