{"mean":{"confidence_interval":{"confidence_level":0.95,"lower_bound":-0.01906622303710632,"upper_bound":-0.017141589935691696},"point_estimate":-0.01811255967943537,"standard_error":0.0004887099197617822},"median":{"confidence_interval":{"confidence_level":0.95,"lower_bound":-0.018745132442119172,"upper_bound":-0.016669735734646474},"point_estimate":-0.01756828564092483,"standard_error":0.0005502194349981865}}