{"mean":{"confidence_interval":{"confidence_level":0.95,"lower_bound":0.0026023796889976915,"upper_bound":0.004678339225106287},"point_estimate":0.0036440109875184312,"standard_error":0.0005312552756999403},"median":{"confidence_interval":{"confidence_level":0.95,"lower_bound":0.0023020730080525187,"upper_bound":0.004694975448283012},"point_estimate":0.0035276395748882194,"standard_error":0.0006529858107884288}}