{"mean":{"confidence_interval":{"confidence_level":0.95,"lower_bound":41.82264855086139,"upper_bound":48.65310731866937},"point_estimate":45.2197820398399,"standard_error":1.7943012407937124},"median":{"confidence_interval":{"confidence_level":0.95,"lower_bound":38.184431137081596,"upper_bound":49.447567315266106},"point_estimate":43.81875422920284,"standard_error":2.779782791945983}}