{"mean":{"confidence_interval":{"confidence_level":0.95,"lower_bound":83.51648145477246,"upper_bound":83.68571693933464},"point_estimate":83.59101171224087,"standard_error":0.04372057827948433},"median":{"confidence_interval":{"confidence_level":0.95,"lower_bound":83.46776392418467,"upper_bound":83.55576733022731},"point_estimate":83.50535222002486,"standard_error":0.02083289116371848},"median_abs_dev":{"confidence_interval":{"confidence_level":0.95,"lower_bound":0.1509154362577669,"upper_bound":0.29246027383650436},"point_estimate":0.25200496353689605,"standard_error":0.03831427306471749},"slope":{"confidence_interval":{"confidence_level":0.95,"lower_bound":83.46698979442479,"upper_bound":83.55318556202441},"point_estimate":83.50910857039922,"standard_error":0.021993257113741803},"std_dev":{"confidence_interval":{"confidence_level":0.95,"lower_bound":0.22019639408568836,"upper_bound":0.6618774950315373},"point_estimate":0.4377306215720969,"standard_error":0.1301656107957465}}