{"mean":{"confidence_interval":{"confidence_level":0.95,"lower_bound":457.48486096503916,"upper_bound":536.7096870190746},"point_estimate":497.2097011955978,"standard_error":20.193244837209765},"median":{"confidence_interval":{"confidence_level":0.95,"lower_bound":413.72922374429226,"upper_bound":564.7934855403348},"point_estimate":496.4393231265109,"standard_error":36.04550274772982},"median_abs_dev":{"confidence_interval":{"confidence_level":0.95,"lower_bound":213.90337538136419,"upper_bound":318.37991802876894},"point_estimate":278.74183228700366,"standard_error":27.554101851284532},"slope":{"confidence_interval":{"confidence_level":0.95,"lower_bound":459.69322907648643,"upper_bound":568.0922918941287},"point_estimate":514.3713315991587,"standard_error":27.694083988066375},"std_dev":{"confidence_interval":{"confidence_level":0.95,"lower_bound":184.70971644946638,"upper_bound":218.15057677115246},"point_estimate":202.9955147207217,"standard_error":8.547709176432075}}