{"mean":{"confidence_interval":{"confidence_level":0.95,"lower_bound":0.002338928594860734,"upper_bound":0.004538944953989337},"point_estimate":0.003446235221863825,"standard_error":0.0005603049811660925},"median":{"confidence_interval":{"confidence_level":0.95,"lower_bound":0.002160758203215374,"upper_bound":0.004064210634742382},"point_estimate":0.0030701540537185767,"standard_error":0.00046348772893929716}}