{"mean":{"confidence_interval":{"confidence_level":0.95,"lower_bound":26.080649457532527,"upper_bound":28.565503256635445},"point_estimate":27.376179091890908,"standard_error":0.6546687655274219},"median":{"confidence_interval":{"confidence_level":0.95,"lower_bound":23.23850822034887,"upper_bound":28.225490676809365},"point_estimate":26.351362542034256,"standard_error":1.2467868441542074}}