{"mean":{"confidence_interval":{"confidence_level":0.95,"lower_bound":32.0335002977049,"upper_bound":35.82375837078136},"point_estimate":33.84871023342855,"standard_error":0.9761725815251875},"median":{"confidence_interval":{"confidence_level":0.95,"lower_bound":28.30955547932432,"upper_bound":33.95588649311541},"point_estimate":31.26725481505133,"standard_error":1.5605365630952521}}