{"mean":{"confidence_interval":{"confidence_level":0.95,"lower_bound":25.479506541255944,"upper_bound":31.288904137146023},"point_estimate":28.042343370475834,"standard_error":1.475230133954102},"median":{"confidence_interval":{"confidence_level":0.95,"lower_bound":21.021130113838975,"upper_bound":30.2751813266679},"point_estimate":24.829049518238925,"standard_error":2.1495556886960028}}