{"mean":{"confidence_interval":{"confidence_level":0.95,"lower_bound":0.008821132253694837,"upper_bound":0.010306455091184224},"point_estimate":0.009578178860617292,"standard_error":0.00037963436914773354},"median":{"confidence_interval":{"confidence_level":0.95,"lower_bound":0.009348616052865496,"upper_bound":0.010914743407180794},"point_estimate":0.010207688643844026,"standard_error":0.0004087645606932734}}