{"mean":{"confidence_interval":{"confidence_level":0.95,"lower_bound":49.3399721121441,"upper_bound":55.81468730075522},"point_estimate":52.57057353401737,"standard_error":1.6072211773276472},"median":{"confidence_interval":{"confidence_level":0.95,"lower_bound":43.277195750994544,"upper_bound":59.66517026790864},"point_estimate":53.85884540290475,"standard_error":3.9307708533988444}}