{"mean":{"confidence_interval":{"confidence_level":0.95,"lower_bound":33.25637113917469,"upper_bound":33.67735496225318},"point_estimate":33.46572161112544,"standard_error":0.10324295622618773},"median":{"confidence_interval":{"confidence_level":0.95,"lower_bound":33.04068845219121,"upper_bound":33.12695854419143},"point_estimate":33.08829196053007,"standard_error":0.020426827672404474}}