{"mean":{"confidence_interval":{"confidence_level":0.95,"lower_bound":107.63923883892684,"upper_bound":108.00487328800149},"point_estimate":107.80468719377582,"standard_error":0.09391615854768151},"median":{"confidence_interval":{"confidence_level":0.95,"lower_bound":107.46468751185316,"upper_bound":107.64147376381129},"point_estimate":107.52094349589493,"standard_error":0.048125163370777456},"median_abs_dev":{"confidence_interval":{"confidence_level":0.95,"lower_bound":0.13707668380343996,"upper_bound":0.3001537670764574},"point_estimate":0.20490535046280728,"standard_error":0.042366262377374085},"slope":{"confidence_interval":{"confidence_level":0.95,"lower_bound":107.46085671164496,"upper_bound":107.7387580513835},"point_estimate":107.55605705298555,"standard_error":0.07741800094663764},"std_dev":{"confidence_interval":{"confidence_level":0.95,"lower_bound":0.49665933709333565,"upper_bound":1.2934989783717248},"point_estimate":0.9467707145793581,"standard_error":0.20609190095080765}}