{"mean":{"confidence_interval":{"confidence_level":0.95,"lower_bound":0.0032095643715229437,"upper_bound":0.00977711274551869},"point_estimate":0.005956102205173064,"standard_error":0.0016794696236136664},"median":{"confidence_interval":{"confidence_level":0.95,"lower_bound":0.0033267362572140247,"upper_bound":0.006055794704823802},"point_estimate":0.004635309972434998,"standard_error":0.0007217360204031842}}