{"mean":{"confidence_interval":{"confidence_level":0.95,"lower_bound":-0.17857378958416648,"upper_bound":0.12741840687745254},"point_estimate":-0.0311219575629319,"standard_error":0.07836287091355305},"median":{"confidence_interval":{"confidence_level":0.95,"lower_bound":-0.1600938341824557,"upper_bound":0.17754751582993156},"point_estimate":0.021615882325498603,"standard_error":0.08620310185803957}}