{"mean":{"confidence_interval":{"confidence_level":0.95,"lower_bound":43.25082161763602,"upper_bound":43.54378823661361},"point_estimate":43.376767558986415,"standard_error":0.07366802311821817},"median":{"confidence_interval":{"confidence_level":0.95,"lower_bound":43.319728199792166,"upper_bound":43.43226783059015},"point_estimate":43.38109610885918,"standard_error":0.029158481668247006}}