{"mean":{"confidence_interval":{"confidence_level":0.95,"lower_bound":-0.06378131200321314,"upper_bound":0.12117588849350347},"point_estimate":0.028781107694242358,"standard_error":0.0472468928358342},"median":{"confidence_interval":{"confidence_level":0.95,"lower_bound":-0.11424116120294836,"upper_bound":0.24813926286263524},"point_estimate":0.1127038140805825,"standard_error":0.09160771584708638}}