{"mean":{"confidence_interval":{"confidence_level":0.95,"lower_bound":0.002733542407615264,"upper_bound":0.0031301090753254324},"point_estimate":0.0029253720881490253,"standard_error":0.00010096087026700005},"median":{"confidence_interval":{"confidence_level":0.95,"lower_bound":0.0027424376930069716,"upper_bound":0.002880118972556911},"point_estimate":0.0028131938744082596,"standard_error":0.00003444347361370652}}