{"mean":{"confidence_interval":{"confidence_level":0.95,"lower_bound":-0.10250995585565865,"upper_bound":0.1656448504151587},"point_estimate":0.015993000512521505,"standard_error":0.0682915356113795},"median":{"confidence_interval":{"confidence_level":0.95,"lower_bound":-0.12098147077375432,"upper_bound":0.11863315184299572},"point_estimate":-0.0381998745741865,"standard_error":0.06127999473823237}}