{"mean":{"confidence_interval":{"confidence_level":0.95,"lower_bound":26.6034704026192,"upper_bound":29.918902503277014},"point_estimate":28.420629177362134,"standard_error":0.8369674569073049},"median":{"confidence_interval":{"confidence_level":0.95,"lower_bound":23.366852515023176,"upper_bound":29.57729044177096},"point_estimate":27.259108028285095,"standard_error":1.5063155917348947}}