{"mean":{"confidence_interval":{"confidence_level":0.95,"lower_bound":-0.0048013174594082825,"upper_bound":0.009346300531379569},"point_estimate":0.0021919094070008693,"standard_error":0.003598828728082464},"median":{"confidence_interval":{"confidence_level":0.95,"lower_bound":-0.008063020888500305,"upper_bound":0.013802607373542664},"point_estimate":0.002185760961433747,"standard_error":0.0053120004101082875}}