{"mean":{"confidence_interval":{"confidence_level":0.95,"lower_bound":41.26182674142958,"upper_bound":47.93950669902811},"point_estimate":44.67034718233228,"standard_error":1.6528772152382014},"median":{"confidence_interval":{"confidence_level":0.95,"lower_bound":38.08492663004423,"upper_bound":46.72347531610507},"point_estimate":41.20668876369044,"standard_error":2.235283421347705}}