{"mean":{"confidence_interval":{"confidence_level":0.95,"lower_bound":11.083729863785395,"upper_bound":11.106432413544745},"point_estimate":11.095445507691482,"standard_error":0.005793555632670124},"median":{"confidence_interval":{"confidence_level":0.95,"lower_bound":11.121587033258837,"upper_bound":11.124282531373485},"point_estimate":11.122972302850737,"standard_error":0.0006249766760564448},"median_abs_dev":{"confidence_interval":{"confidence_level":0.95,"lower_bound":0.004153192437208703,"upper_bound":0.007306359746639814},"point_estimate":0.005739252151712537,"standard_error":0.0008167151984567776},"slope":{"confidence_interval":{"confidence_level":0.95,"lower_bound":11.121836476996442,"upper_bound":11.124152387643475},"point_estimate":11.123089795266234,"standard_error":0.0005915993330587639},"std_dev":{"confidence_interval":{"confidence_level":0.95,"lower_bound":0.047677082039605995,"upper_bound":0.06580708424826255},"point_estimate":0.05823907046103245,"standard_error":0.0046406395852209015}}