{"mean":{"confidence_interval":{"confidence_level":0.95,"lower_bound":33.05068192178119,"upper_bound":33.21149200781739},"point_estimate":33.13258445861204,"standard_error":0.041223726062645745},"median":{"confidence_interval":{"confidence_level":0.95,"lower_bound":33.09976525928305,"upper_bound":33.27187521886414},"point_estimate":33.19580820042256,"standard_error":0.04535052543057767}}