{"mean":{"confidence_interval":{"confidence_level":0.95,"lower_bound":42.64405634501513,"upper_bound":43.17662879030136},"point_estimate":42.8972896347346,"standard_error":0.13277142896253555},"median":{"confidence_interval":{"confidence_level":0.95,"lower_bound":42.461197887987815,"upper_bound":42.546787211085544},"point_estimate":42.51366370261887,"standard_error":0.02159663021945347}}