{"mean":{"confidence_interval":{"confidence_level":0.95,"lower_bound":26.889628919074845,"upper_bound":30.33915808879064},"point_estimate":28.62084337261931,"standard_error":0.8827637670005284},"median":{"confidence_interval":{"confidence_level":0.95,"lower_bound":22.856725328080515,"upper_bound":28.898146120139828},"point_estimate":26.148164172553724,"standard_error":1.6944714532747105}}