{"mean":{"confidence_interval":{"confidence_level":0.95,"lower_bound":-0.022176706351124086,"upper_bound":-0.01967132528585308},"point_estimate":-0.020917900981400783,"standard_error":0.0006545213960859567},"median":{"confidence_interval":{"confidence_level":0.95,"lower_bound":-0.023135438912948336,"upper_bound":-0.020325334312722432},"point_estimate":-0.022477801343802728,"standard_error":0.0007251965239224106}}