{"mean":{"confidence_interval":{"confidence_level":0.95,"lower_bound":41.04615471527252,"upper_bound":46.73280298474588},"point_estimate":43.86098511742267,"standard_error":1.426993593737143},"median":{"confidence_interval":{"confidence_level":0.95,"lower_bound":35.658639215659704,"upper_bound":46.39948791884449},"point_estimate":40.32455134285389,"standard_error":2.747805922833783}}