{"mean":{"confidence_interval":{"confidence_level":0.95,"lower_bound":-0.19566204928675143,"upper_bound":0.13047658044473756},"point_estimate":-0.043951042005565544,"standard_error":0.08302753678978951},"median":{"confidence_interval":{"confidence_level":0.95,"lower_bound":-0.13594072354584252,"upper_bound":0.16007062039686382},"point_estimate":-0.011964108734357715,"standard_error":0.07621183341348768}}