{"mean":{"confidence_interval":{"confidence_level":0.95,"lower_bound":29.086877561857083,"upper_bound":32.17204295380573},"point_estimate":30.58800213838136,"standard_error":0.782777316861418},"median":{"confidence_interval":{"confidence_level":0.95,"lower_bound":25.796156009791076,"upper_bound":32.38388580672373},"point_estimate":28.381147453354604,"standard_error":1.7574851107484561}}