{"mean":{"confidence_interval":{"confidence_level":0.95,"lower_bound":4.119444937614844,"upper_bound":4.133676560087093},"point_estimate":4.1267836387215855,"standard_error":0.003613706762672949},"median":{"confidence_interval":{"confidence_level":0.95,"lower_bound":4.128524251487277,"upper_bound":4.138291939154373},"point_estimate":4.137482942199837,"standard_error":0.0028909246155491785},"median_abs_dev":{"confidence_interval":{"confidence_level":0.95,"lower_bound":0.029175637157413812,"upper_bound":0.03864801894147849},"point_estimate":0.03279902897372661,"standard_error":0.002611427381831605},"slope":{"confidence_interval":{"confidence_level":0.95,"lower_bound":4.10944114994177,"upper_bound":4.121949065826726},"point_estimate":4.11586790378388,"standard_error":0.003195332904837602},"std_dev":{"confidence_interval":{"confidence_level":0.95,"lower_bound":0.028768155292225053,"upper_bound":0.04429609934109067},"point_estimate":0.03630843468291389,"standard_error":0.004026623436871775}}