{"mean":{"confidence_interval":{"confidence_level":0.95,"lower_bound":89.21346556791981,"upper_bound":106.54926662716029},"point_estimate":97.27349420953871,"standard_error":4.434792864000235},"median":{"confidence_interval":{"confidence_level":0.95,"lower_bound":76.9391494549627,"upper_bound":87.33203797332186},"point_estimate":80.04347630908248,"standard_error":3.2984521735843817},"median_abs_dev":{"confidence_interval":{"confidence_level":0.95,"lower_bound":9.900472813063757,"upper_bound":22.60003190567544},"point_estimate":13.436878081063226,"standard_error":3.494498632107388},"slope":{"confidence_interval":{"confidence_level":0.95,"lower_bound":89.16776472812636,"upper_bound":110.44317308174078},"point_estimate":99.06771837794506,"standard_error":5.44493686052384},"std_dev":{"confidence_interval":{"confidence_level":0.95,"lower_bound":29.677782203227927,"upper_bound":56.64716248056856},"point_estimate":44.548802678882886,"standard_error":6.872135194609998}}