{"mean":{"confidence_interval":{"confidence_level":0.95,"lower_bound":35.79682490466397,"upper_bound":36.01453495677106},"point_estimate":35.898874249389685,"standard_error":0.054491917319999215},"median":{"confidence_interval":{"confidence_level":0.95,"lower_bound":35.611388740321104,"upper_bound":35.86892986339386},"point_estimate":35.76263647750303,"standard_error":0.07278159013887171}}