{"mean":{"confidence_interval":{"confidence_level":0.95,"lower_bound":-0.0766412808473335,"upper_bound":0.09870679497274147},"point_estimate":0.004251976317197315,"standard_error":0.044747341808545255},"median":{"confidence_interval":{"confidence_level":0.95,"lower_bound":-0.08356699687049252,"upper_bound":0.08784157500016465},"point_estimate":-0.002370080350398762,"standard_error":0.04669211070128576}}