{"mean":{"confidence_interval":{"confidence_level":0.95,"lower_bound":25.162800620909906,"upper_bound":29.06967543833986},"point_estimate":27.143418343588923,"standard_error":0.9125308076952678},"median":{"confidence_interval":{"confidence_level":0.95,"lower_bound":22.472975786660086,"upper_bound":28.304701758780485},"point_estimate":24.681999572342615,"standard_error":1.2162385256371417}}