{"mean":{"confidence_interval":{"confidence_level":0.95,"lower_bound":-0.1264412111069103,"upper_bound":0.08387799309774337},"point_estimate":-0.0341528062012576,"standard_error":0.05356286397266478},"median":{"confidence_interval":{"confidence_level":0.95,"lower_bound":-0.28451999884954304,"upper_bound":0.24658457082382243},"point_estimate":-0.043901700133921806,"standard_error":0.13673922313212694}}