{"mean":{"confidence_interval":{"confidence_level":0.95,"lower_bound":0.06552957126840163,"upper_bound":0.0694363389876456},"point_estimate":0.06736840322602689,"standard_error":0.0009945707567775065},"median":{"confidence_interval":{"confidence_level":0.95,"lower_bound":0.06454520469038627,"upper_bound":0.06887196065424916},"point_estimate":0.06696057365581187,"standard_error":0.0010916055185766584}}