{"mean":{"confidence_interval":{"confidence_level":0.95,"lower_bound":69.26924498315212,"upper_bound":69.34319824761836},"point_estimate":69.30542951161749,"standard_error":0.018808429081961276},"median":{"confidence_interval":{"confidence_level":0.95,"lower_bound":69.27214813318066,"upper_bound":69.31958195819583},"point_estimate":69.29551604228746,"standard_error":0.012104103899410145},"median_abs_dev":{"confidence_interval":{"confidence_level":0.95,"lower_bound":0.1279171074756982,"upper_bound":0.24189312446577999},"point_estimate":0.187424701158304,"standard_error":0.02939583221614336},"slope":{"confidence_interval":{"confidence_level":0.95,"lower_bound":69.15241638614039,"upper_bound":69.21771103184892},"point_estimate":69.18302816584936,"standard_error":0.01662668395303452},"std_dev":{"confidence_interval":{"confidence_level":0.95,"lower_bound":0.1570132282679926,"upper_bound":0.2207087682973245},"point_estimate":0.18933198370739274,"standard_error":0.01632977030814253}}