{"mean":{"confidence_interval":{"confidence_level":0.95,"lower_bound":412.8601074629121,"upper_bound":457.6777201960099},"point_estimate":435.1033916723438,"standard_error":11.446151082986146},"median":{"confidence_interval":{"confidence_level":0.95,"lower_bound":385.346436540412,"upper_bound":452.1815576147225},"point_estimate":418.61343623064585,"standard_error":17.92619550869773},"median_abs_dev":{"confidence_interval":{"confidence_level":0.95,"lower_bound":100.678402719044,"upper_bound":165.42149792515292},"point_estimate":133.78153859712512,"standard_error":15.963905482605758},"slope":{"confidence_interval":{"confidence_level":0.95,"lower_bound":397.84259977778567,"upper_bound":449.7104257477047},"point_estimate":423.448775791198,"standard_error":13.19682570746516},"std_dev":{"confidence_interval":{"confidence_level":0.95,"lower_bound":102.48213600654482,"upper_bound":125.51156916051843},"point_estimate":114.95978314303517,"standard_error":5.858805494407416}}