{"mean":{"confidence_interval":{"confidence_level":0.95,"lower_bound":81.30544485773721,"upper_bound":100.76883240915917},"point_estimate":90.59209564204626,"standard_error":4.965890697360954},"median":{"confidence_interval":{"confidence_level":0.95,"lower_bound":63.64162214098238,"upper_bound":80.93604119797526},"point_estimate":71.47961850513366,"standard_error":4.240789632562877},"median_abs_dev":{"confidence_interval":{"confidence_level":0.95,"lower_bound":14.54322246255729,"upper_bound":33.35700127553013},"point_estimate":22.50879264888613,"standard_error":4.561315035884509},"slope":{"confidence_interval":{"confidence_level":0.95,"lower_bound":75.96763344759954,"upper_bound":101.2417174062875},"point_estimate":87.24099492957204,"standard_error":6.449841784075484},"std_dev":{"confidence_interval":{"confidence_level":0.95,"lower_bound":37.27841315261829,"upper_bound":60.87621287570667},"point_estimate":50.107488935773645,"standard_error":6.026406431231425}}