{"mean":{"confidence_interval":{"confidence_level":0.95,"lower_bound":264.67511828810194,"upper_bound":265.59194198033646},"point_estimate":265.0893705946397,"standard_error":0.2343942579240037},"median":{"confidence_interval":{"confidence_level":0.95,"lower_bound":264.31807864450127,"upper_bound":264.635643115942},"point_estimate":264.4328563963211,"standard_error":0.08456451305951157},"median_abs_dev":{"confidence_interval":{"confidence_level":0.95,"lower_bound":0.4365023310450476,"upper_bound":0.7900680340169223},"point_estimate":0.617221304946673,"standard_error":0.0886149957164583},"slope":{"confidence_interval":{"confidence_level":0.95,"lower_bound":264.5876304548557,"upper_bound":265.6780158962282},"point_estimate":265.07016050558656,"standard_error":0.2807425150624349},"std_dev":{"confidence_interval":{"confidence_level":0.95,"lower_bound":1.2263563702229638,"upper_bound":3.227057849534283},"point_estimate":2.3557965604493836,"standard_error":0.5102186226317061}}