{"mean":{"confidence_interval":{"confidence_level":0.95,"lower_bound":32.32166425033975,"upper_bound":32.4945835025061},"point_estimate":32.407884253909046,"standard_error":0.04444520539801054},"median":{"confidence_interval":{"confidence_level":0.95,"lower_bound":32.27526725248876,"upper_bound":32.48236775866429},"point_estimate":32.4055947143179,"standard_error":0.05337472887237494}}