{"mean":{"confidence_interval":{"confidence_level":0.95,"lower_bound":37.644246572530555,"upper_bound":37.74103903455602},"point_estimate":37.691384954166764,"standard_error":0.024736022985585505},"median":{"confidence_interval":{"confidence_level":0.95,"lower_bound":37.63465740239564,"upper_bound":37.75496283105546},"point_estimate":37.685833280867264,"standard_error":0.031068556733068405}}