{"mean":{"confidence_interval":{"confidence_level":0.95,"lower_bound":37.45819501308175,"upper_bound":37.553770490097605},"point_estimate":37.50441895831308,"standard_error":0.02429317604642431},"median":{"confidence_interval":{"confidence_level":0.95,"lower_bound":37.47046376259547,"upper_bound":37.613238865220595},"point_estimate":37.56897269900879,"standard_error":0.03765901352471492}}