{"mean":{"confidence_interval":{"confidence_level":0.95,"lower_bound":0.002630797017554942,"upper_bound":0.003537251444400169},"point_estimate":0.0030732413260006197,"standard_error":0.00023421244778835265},"median":{"confidence_interval":{"confidence_level":0.95,"lower_bound":0.0027708096623995093,"upper_bound":0.0032749849885329585},"point_estimate":0.0031083717772475428,"standard_error":0.00011628539550347}}