{"mean":{"confidence_interval":{"confidence_level":0.95,"lower_bound":84.62988857972867,"upper_bound":84.70383886036112},"point_estimate":84.6662453717093,"standard_error":0.018925400676496056},"median":{"confidence_interval":{"confidence_level":0.95,"lower_bound":84.58344977070794,"upper_bound":84.66088000711596},"point_estimate":84.60894517247765,"standard_error":0.02030319503117755},"median_abs_dev":{"confidence_interval":{"confidence_level":0.95,"lower_bound":0.15960900268462425,"upper_bound":0.2627354218641032},"point_estimate":0.2021231599248255,"standard_error":0.02754159210527788},"slope":{"confidence_interval":{"confidence_level":0.95,"lower_bound":84.52068610821271,"upper_bound":84.58100630688438},"point_estimate":84.54708167487736,"standard_error":0.01550763065571434},"std_dev":{"confidence_interval":{"confidence_level":0.95,"lower_bound":0.1635399877917471,"upper_bound":0.21768617759946132},"point_estimate":0.19072191863520643,"standard_error":0.013879642188353879}}