{"mean":{"confidence_interval":{"confidence_level":0.95,"lower_bound":-0.22180182368265475,"upper_bound":-0.03676635197611333},"point_estimate":-0.13470599818899454,"standard_error":0.04730975328590621},"median":{"confidence_interval":{"confidence_level":0.95,"lower_bound":-0.20094582819678675,"upper_bound":-0.05052004727211379},"point_estimate":-0.1182156789358898,"standard_error":0.038943794945542266}}