{"mean":{"confidence_interval":{"confidence_level":0.95,"lower_bound":166.95456389690008,"upper_bound":191.4193498627296},"point_estimate":179.1421579312491,"standard_error":6.211541554433754},"median":{"confidence_interval":{"confidence_level":0.95,"lower_bound":149.87855611847232,"upper_bound":206.26075352198558},"point_estimate":183.2002839327469,"standard_error":15.134483521116538},"median_abs_dev":{"confidence_interval":{"confidence_level":0.95,"lower_bound":66.05816084487957,"upper_bound":102.72198838386443},"point_estimate":86.78566679839719,"standard_error":9.28695099694429},"slope":{"confidence_interval":{"confidence_level":0.95,"lower_bound":165.92992582358895,"upper_bound":199.52545790619135},"point_estimate":182.66395401506622,"standard_error":8.543709247498123},"std_dev":{"confidence_interval":{"confidence_level":0.95,"lower_bound":57.22907326551714,"upper_bound":66.56599863331091},"point_estimate":62.34606019821903,"standard_error":2.394862397096252}}