{"mean":{"confidence_interval":{"confidence_level":0.95,"lower_bound":-0.14059626107243983,"upper_bound":0.050913911683019786},"point_estimate":-0.04788147563007039,"standard_error":0.0487440419189102},"median":{"confidence_interval":{"confidence_level":0.95,"lower_bound":-0.2912470972937534,"upper_bound":0.1719174922972151},"point_estimate":-0.1363865270854876,"standard_error":0.11643155601186425}}