{"mean":{"confidence_interval":{"confidence_level":0.95,"lower_bound":-0.09027000849279011,"upper_bound":0.059613390945507556},"point_estimate":-0.015989917837451406,"standard_error":0.0383387711200008},"median":{"confidence_interval":{"confidence_level":0.95,"lower_bound":-0.10373139461658654,"upper_bound":0.14788837141841538},"point_estimate":0.03632601749425768,"standard_error":0.06461202194955301}}