{"mean":{"confidence_interval":{"confidence_level":0.95,"lower_bound":4.8020143281143675,"upper_bound":4.812040392286725},"point_estimate":4.806838621350437,"standard_error":0.002563628459085276},"median":{"confidence_interval":{"confidence_level":0.95,"lower_bound":4.796926928797587,"upper_bound":4.8078431278143885},"point_estimate":4.803468304202254,"standard_error":0.0034485988680799584},"median_abs_dev":{"confidence_interval":{"confidence_level":0.95,"lower_bound":0.016847192734052517,"upper_bound":0.025901928647017913},"point_estimate":0.021519713225419238,"standard_error":0.002315079336685563},"slope":{"confidence_interval":{"confidence_level":0.95,"lower_bound":4.791456631912777,"upper_bound":4.798177537942623},"point_estimate":4.794698149702702,"standard_error":0.0017128913402712166},"std_dev":{"confidence_interval":{"confidence_level":0.95,"lower_bound":0.019821619375182144,"upper_bound":0.0312777823995836},"point_estimate":0.025752014439581975,"standard_error":0.002942176663926762}}