{"mean":{"confidence_interval":{"confidence_level":0.95,"lower_bound":37.09370966747452,"upper_bound":37.15796092751106},"point_estimate":37.12469089678601,"standard_error":0.016404003322552218},"median":{"confidence_interval":{"confidence_level":0.95,"lower_bound":37.1020524049057,"upper_bound":37.17352090414643},"point_estimate":37.137242264538365,"standard_error":0.01900686731232823}}