{"mean":{"confidence_interval":{"confidence_level":0.95,"lower_bound":-0.035846929726799495,"upper_bound":-0.03190527630494641},"point_estimate":-0.033922861684767436,"standard_error":0.0010067516899322844},"median":{"confidence_interval":{"confidence_level":0.95,"lower_bound":-0.03678580013071231,"upper_bound":-0.033218661746638456},"point_estimate":-0.03458911302424761,"standard_error":0.0009165319733141389}}