{"mean":{"confidence_interval":{"confidence_level":0.95,"lower_bound":-0.004318131970533617,"upper_bound":-0.0008081591358679336},"point_estimate":-0.00222634576297176,"standard_error":0.0009193855465525393},"median":{"confidence_interval":{"confidence_level":0.95,"lower_bound":-0.0020221252511456456,"upper_bound":-0.00032191140201520696},"point_estimate":-0.0009749731575513509,"standard_error":0.00042196742309099923}}