{"mean":{"confidence_interval":{"confidence_level":0.95,"lower_bound":45.878056443271966,"upper_bound":52.48412045477944},"point_estimate":48.88825102675217,"standard_error":1.674872076409806},"median":{"confidence_interval":{"confidence_level":0.95,"lower_bound":43.38827329469089,"upper_bound":53.9644866950174},"point_estimate":46.890116405180265,"standard_error":2.7930964534603993}}