{"mean":{"confidence_interval":{"confidence_level":0.95,"lower_bound":492.70655725921057,"upper_bound":586.414064591232},"point_estimate":539.0908495264512,"standard_error":23.94052147449188},"median":{"confidence_interval":{"confidence_level":0.95,"lower_bound":413.0202745849298,"upper_bound":527.7552377190557},"point_estimate":464.0766774103345,"standard_error":30.66831969316733},"median_abs_dev":{"confidence_interval":{"confidence_level":0.95,"lower_bound":180.89889604686985,"upper_bound":341.32364658397205},"point_estimate":265.260374593601,"standard_error":40.91150369760602},"slope":{"confidence_interval":{"confidence_level":0.95,"lower_bound":494.3040135958907,"upper_bound":620.6358880481563},"point_estimate":556.9407181798982,"standard_error":32.25039375545977},"std_dev":{"confidence_interval":{"confidence_level":0.95,"lower_bound":213.94112196458462,"upper_bound":260.2226698229633},"point_estimate":239.71094196661764,"standard_error":11.771118031062702}}