{"mean":{"confidence_interval":{"confidence_level":0.95,"lower_bound":46.07723297384773,"upper_bound":52.87075922677808},"point_estimate":49.51548744947613,"standard_error":1.7322878328748008},"median":{"confidence_interval":{"confidence_level":0.95,"lower_bound":41.09384223145761,"upper_bound":54.921629895616185},"point_estimate":46.49117451017122,"standard_error":3.3683188796786525}}