{"mean":{"confidence_interval":{"confidence_level":0.95,"lower_bound":-0.00016086418652717344,"upper_bound":0.0017446308351758083},"point_estimate":0.000766049865595031,"standard_error":0.0004911187785620568},"median":{"confidence_interval":{"confidence_level":0.95,"lower_bound":-0.0002951937807920135,"upper_bound":0.0014092839935206936},"point_estimate":0.000434211305416099,"standard_error":0.0004297147903954774}}