{"mean":{"confidence_interval":{"confidence_level":0.95,"lower_bound":-0.0035536834646453437,"upper_bound":0.0026082195432699617},"point_estimate":-0.000037004990125932835,"standard_error":0.0015974785188898},"median":{"confidence_interval":{"confidence_level":0.95,"lower_bound":0.00009644874062053179,"upper_bound":0.002327682124527719},"point_estimate":0.0012475020096247569,"standard_error":0.000535373513540987}}