{"mean":{"confidence_interval":{"confidence_level":0.95,"lower_bound":35.877668281672825,"upper_bound":35.96464864164998},"point_estimate":35.9247085214337,"standard_error":0.022204255591772273},"median":{"confidence_interval":{"confidence_level":0.95,"lower_bound":35.889861919685316,"upper_bound":35.96911264813506},"point_estimate":35.91427194439683,"standard_error":0.01985391882630717}}