{"mean":{"confidence_interval":{"confidence_level":0.95,"lower_bound":0.007884352954899188,"upper_bound":0.01217905301013883},"point_estimate":0.010053865174483478,"standard_error":0.0010970034521558363},"median":{"confidence_interval":{"confidence_level":0.95,"lower_bound":0.007379159937796587,"upper_bound":0.012336374700169905},"point_estimate":0.0091749125125824,"standard_error":0.0012756860008046114}}