{"mean":{"confidence_interval":{"confidence_level":0.95,"lower_bound":29.487408559536217,"upper_bound":29.60050770904108},"point_estimate":29.53577339453202,"standard_error":0.029134352978937333},"median":{"confidence_interval":{"confidence_level":0.95,"lower_bound":29.490577849775494,"upper_bound":29.557950248991805},"point_estimate":29.53382660178524,"standard_error":0.014106760296350178}}