{"mean":{"confidence_interval":{"confidence_level":0.95,"lower_bound":3.382890437074889,"upper_bound":3.4130076109167744},"point_estimate":3.3985416198435594,"standard_error":0.007696283681533173},"median":{"confidence_interval":{"confidence_level":0.95,"lower_bound":3.4011029671987094,"upper_bound":3.4222237112463683},"point_estimate":3.4115418520868013,"standard_error":0.006730167603418386},"median_abs_dev":{"confidence_interval":{"confidence_level":0.95,"lower_bound":0.04598891678370109,"upper_bound":0.07804043250466439},"point_estimate":0.06401531094582515,"standard_error":0.007766441360709889},"slope":{"confidence_interval":{"confidence_level":0.95,"lower_bound":3.389777089229402,"upper_bound":3.4085296054445804},"point_estimate":3.399336413162174,"standard_error":0.004781237256545643},"std_dev":{"confidence_interval":{"confidence_level":0.95,"lower_bound":0.059054119142687975,"upper_bound":0.09490842315413105},"point_estimate":0.07727472595638803,"standard_error":0.00921568021315275}}