{"mean":{"confidence_interval":{"confidence_level":0.95,"lower_bound":33.50146807586286,"upper_bound":33.57873263202605},"point_estimate":33.53979096216197,"standard_error":0.019806693169822844},"median":{"confidence_interval":{"confidence_level":0.95,"lower_bound":33.501515479599675,"upper_bound":33.57045087174376},"point_estimate":33.53503600642649,"standard_error":0.016753289499095807}}