{"mean":{"confidence_interval":{"confidence_level":0.95,"lower_bound":-0.01314886437700255,"upper_bound":-0.006547958972982142},"point_estimate":-0.010184857219053822,"standard_error":0.0017185241236340402},"median":{"confidence_interval":{"confidence_level":0.95,"lower_bound":-0.014253448303655544,"upper_bound":-0.012053196148828826},"point_estimate":-0.013064035050672884,"standard_error":0.0005658474036204681}}