{"mean":{"confidence_interval":{"confidence_level":0.95,"lower_bound":27.317720709543483,"upper_bound":27.40566479130375},"point_estimate":27.362227629009382,"standard_error":0.022350642986089454},"median":{"confidence_interval":{"confidence_level":0.95,"lower_bound":27.323776178917036,"upper_bound":27.419000485551372},"point_estimate":27.378258274487372,"standard_error":0.023380348685713793}}