{"mean":{"confidence_interval":{"confidence_level":0.95,"lower_bound":269.3020401326087,"upper_bound":270.55085480810624},"point_estimate":269.85764278370846,"standard_error":0.3207378890808121},"median":{"confidence_interval":{"confidence_level":0.95,"lower_bound":268.78132716049384,"upper_bound":269.11128869047616},"point_estimate":268.94607211275314,"standard_error":0.07495624426624133},"median_abs_dev":{"confidence_interval":{"confidence_level":0.95,"lower_bound":0.4075699523684722,"upper_bound":0.8102156568477437},"point_estimate":0.5565200944175487,"standard_error":0.10847920914612294},"slope":{"confidence_interval":{"confidence_level":0.95,"lower_bound":269.2370355272578,"upper_bound":270.7688208781735},"point_estimate":269.90763624123605,"standard_error":0.3929091488659782},"std_dev":{"confidence_interval":{"confidence_level":0.95,"lower_bound":1.4008643290465974,"upper_bound":4.582952181606329},"point_estimate":3.2228533719912096,"standard_error":0.8025121744024841}}