{"mean":{"confidence_interval":{"confidence_level":0.95,"lower_bound":28.424280133678156,"upper_bound":33.89392949828217},"point_estimate":31.267116047385734,"standard_error":1.4155392489820622},"median":{"confidence_interval":{"confidence_level":0.95,"lower_bound":23.41114700941825,"upper_bound":30.99867536803699},"point_estimate":26.52504282531881,"standard_error":2.301919380082973}}