{"mean":{"confidence_interval":{"confidence_level":0.95,"lower_bound":303.0171895165921,"upper_bound":338.1880434333889},"point_estimate":320.42595032811414,"standard_error":8.979673249050762},"median":{"confidence_interval":{"confidence_level":0.95,"lower_bound":279.6069390426803,"upper_bound":335.6600591323512},"point_estimate":300.15596966109297,"standard_error":14.9711896996549},"median_abs_dev":{"confidence_interval":{"confidence_level":0.95,"lower_bound":72.96210455574763,"upper_bound":128.4181713200742},"point_estimate":103.26592238526051,"standard_error":14.66625264376122},"slope":{"confidence_interval":{"confidence_level":0.95,"lower_bound":303.62266923520616,"upper_bound":347.6723394733605},"point_estimate":325.45021517205487,"standard_error":11.248378946652913},"std_dev":{"confidence_interval":{"confidence_level":0.95,"lower_bound":80.48545670898432,"upper_bound":97.06618460881107},"point_estimate":89.66956213630847,"standard_error":4.226031625768053}}