{"mean":{"confidence_interval":{"confidence_level":0.95,"lower_bound":32.542370865604575,"upper_bound":33.23129683774759},"point_estimate":32.884454564629664,"standard_error":0.17239466780233778},"median":{"confidence_interval":{"confidence_level":0.95,"lower_bound":32.398492236992176,"upper_bound":33.17941732591423},"point_estimate":32.8224419654425,"standard_error":0.18877562149830052}}