{"mean":{"confidence_interval":{"confidence_level":0.95,"lower_bound":22.064687039665777,"upper_bound":26.571365064066615},"point_estimate":24.15151709384767,"standard_error":1.0762141060666082},"median":{"confidence_interval":{"confidence_level":0.95,"lower_bound":19.4579588424884,"upper_bound":25.074016159232666},"point_estimate":21.66634698133964,"standard_error":1.4600070808991623}}