{"mean":{"confidence_interval":{"confidence_level":0.95,"lower_bound":45.50686224045501,"upper_bound":49.8468899918121},"point_estimate":47.592374449047355,"standard_error":1.1860068135562036},"median":{"confidence_interval":{"confidence_level":0.95,"lower_bound":43.14244435235836,"upper_bound":51.767302985761816},"point_estimate":46.88115577081023,"standard_error":2.2667817257767724}}