{"mean":{"confidence_interval":{"confidence_level":0.95,"lower_bound":5.597134541174965,"upper_bound":5.602390137145205},"point_estimate":5.599634122084118,"standard_error":0.001346496610689484},"median":{"confidence_interval":{"confidence_level":0.95,"lower_bound":5.5933103012258885,"upper_bound":5.5990791062506275},"point_estimate":5.594985693744311,"standard_error":0.001595610232957035},"median_abs_dev":{"confidence_interval":{"confidence_level":0.95,"lower_bound":0.00654175308907509,"upper_bound":0.011449512980902838},"point_estimate":0.009040930826868241,"standard_error":0.0012836704716885565},"slope":{"confidence_interval":{"confidence_level":0.95,"lower_bound":5.597349703785454,"upper_bound":5.605256899421037},"point_estimate":5.601028505990802,"standard_error":0.0020283268912850835},"std_dev":{"confidence_interval":{"confidence_level":0.95,"lower_bound":0.00993556407017896,"upper_bound":0.016556673460023597},"point_estimate":0.013466083203586427,"standard_error":0.0016958785876568635}}