{"mean":{"confidence_interval":{"confidence_level":0.95,"lower_bound":33.22530710926281,"upper_bound":33.33061907585622},"point_estimate":33.27764319386686,"standard_error":0.027196036443757007},"median":{"confidence_interval":{"confidence_level":0.95,"lower_bound":33.17935486123778,"upper_bound":33.29378747857322},"point_estimate":33.23946642451816,"standard_error":0.027941062339726458}}