{"mean":{"confidence_interval":{"confidence_level":0.95,"lower_bound":-0.121308341625906,"upper_bound":0.11072902679175249},"point_estimate":-0.006839129472581251,"standard_error":0.05897073014899354},"median":{"confidence_interval":{"confidence_level":0.95,"lower_bound":-0.19093095845224972,"upper_bound":0.21490983439910094},"point_estimate":-0.028018968798797506,"standard_error":0.0963242024982468}}