{"mean":{"confidence_interval":{"confidence_level":0.95,"lower_bound":0.029976011604061825,"upper_bound":0.03322300953424469},"point_estimate":0.03171758614733844,"standard_error":0.0008269335379857402},"median":{"confidence_interval":{"confidence_level":0.95,"lower_bound":0.029932558821196165,"upper_bound":0.03282189397373614},"point_estimate":0.03087775263245396,"standard_error":0.0007999169968625808}}