{"mean":{"confidence_interval":{"confidence_level":0.95,"lower_bound":1.1104645706866172,"upper_bound":1.1120312653397233},"point_estimate":1.1112237215295095,"standard_error":0.00040144656683501216},"median":{"confidence_interval":{"confidence_level":0.95,"lower_bound":1.1089988354178013,"upper_bound":1.110638882304025},"point_estimate":1.1093659814902774,"standard_error":0.0003837506667081641},"median_abs_dev":{"confidence_interval":{"confidence_level":0.95,"lower_bound":0.0018213234927902697,"upper_bound":0.004251343332698587},"point_estimate":0.002441568282778552,"standard_error":0.0006359494478834478},"slope":{"confidence_interval":{"confidence_level":0.95,"lower_bound":1.1083512030234963,"upper_bound":1.1089681425364122},"point_estimate":1.1086337403045259,"standard_error":0.00015672592764840324},"std_dev":{"confidence_interval":{"confidence_level":0.95,"lower_bound":0.003291354577214334,"upper_bound":0.004707575072522588},"point_estimate":0.004025099235381881,"standard_error":0.00036330392573222546}}