{"mean":{"confidence_interval":{"confidence_level":0.95,"lower_bound":95.63466476718779,"upper_bound":95.7074459631372},"point_estimate":95.67054713107035,"standard_error":0.018614129138913665},"median":{"confidence_interval":{"confidence_level":0.95,"lower_bound":95.60857177497576,"upper_bound":95.6639833807632},"point_estimate":95.6276398952727,"standard_error":0.016478625716154254},"median_abs_dev":{"confidence_interval":{"confidence_level":0.95,"lower_bound":0.07838537866486472,"upper_bound":0.17712061009723135},"point_estimate":0.12417639696080042,"standard_error":0.026070108497331636},"slope":{"confidence_interval":{"confidence_level":0.95,"lower_bound":95.5561061454108,"upper_bound":95.67294682846963},"point_estimate":95.61340662744416,"standard_error":0.029945412052468496},"std_dev":{"confidence_interval":{"confidence_level":0.95,"lower_bound":0.15237186071051187,"upper_bound":0.22032171448957596},"point_estimate":0.18756794545330568,"standard_error":0.01733494721165384}}