{"mean":{"confidence_interval":{"confidence_level":0.95,"lower_bound":-0.004677419214109862,"upper_bound":-0.002895355221814289},"point_estimate":-0.0038497585395802503,"standard_error":0.0004644609444385645},"median":{"confidence_interval":{"confidence_level":0.95,"lower_bound":-0.004291613422949103,"upper_bound":-0.003506914983679721},"point_estimate":-0.0038261384395185116,"standard_error":0.0001997559781991392}}