{"mean":{"confidence_interval":{"confidence_level":0.95,"lower_bound":629.2148671691633,"upper_bound":686.7853936602714},"point_estimate":658.0431838324264,"standard_error":14.644987782651516},"median":{"confidence_interval":{"confidence_level":0.95,"lower_bound":635.2866208380098,"upper_bound":710.5320960097001},"point_estimate":674.3552898692295,"standard_error":20.760392630396886},"median_abs_dev":{"confidence_interval":{"confidence_level":0.95,"lower_bound":133.92392089160592,"upper_bound":203.26617939789517},"point_estimate":175.70906070463965,"standard_error":18.18900889134495},"slope":{"confidence_interval":{"confidence_level":0.95,"lower_bound":621.6328310231792,"upper_bound":684.8694604419459},"point_estimate":653.6176811943218,"standard_error":16.197315373325974},"std_dev":{"confidence_interval":{"confidence_level":0.95,"lower_bound":131.56209849311085,"upper_bound":160.31699286191068},"point_estimate":147.1578810704566,"standard_error":7.351491712783131}}