{"mean":{"confidence_interval":{"confidence_level":0.95,"lower_bound":33.38065377036096,"upper_bound":33.535267856364904},"point_estimate":33.473855552690715,"standard_error":0.04083685868028007},"median":{"confidence_interval":{"confidence_level":0.95,"lower_bound":33.461394542533256,"upper_bound":33.51675824143165},"point_estimate":33.49355804423346,"standard_error":0.013723755054401893}}