{"mean":{"confidence_interval":{"confidence_level":0.95,"lower_bound":0.0001575428836473325,"upper_bound":0.0015393889638915302},"point_estimate":0.0008418756748762579,"standard_error":0.00035317739345855153},"median":{"confidence_interval":{"confidence_level":0.95,"lower_bound":-0.00014919699412600915,"upper_bound":0.000832218629707864},"point_estimate":0.0002933968789804453,"standard_error":0.0002353734149801643}}