{"mean":{"confidence_interval":{"confidence_level":0.95,"lower_bound":33.49797492759291,"upper_bound":33.66470590831205},"point_estimate":33.57644632107826,"standard_error":0.04230530902989136},"median":{"confidence_interval":{"confidence_level":0.95,"lower_bound":33.50243444205222,"upper_bound":33.645029979811056},"point_estimate":33.59005352749721,"standard_error":0.038757901989858415}}