{"mean":{"confidence_interval":{"confidence_level":0.95,"lower_bound":96.65445344683123,"upper_bound":112.40387361898074},"point_estimate":104.460026850145,"standard_error":4.035655655515515},"median":{"confidence_interval":{"confidence_level":0.95,"lower_bound":81.19245695919031,"upper_bound":110.3652036097626},"point_estimate":100.56985504957504,"standard_error":9.786046167209786},"median_abs_dev":{"confidence_interval":{"confidence_level":0.95,"lower_bound":33.76477609423691,"upper_bound":62.0074453653891},"point_estimate":53.68825340374037,"standard_error":8.320050015449993},"slope":{"confidence_interval":{"confidence_level":0.95,"lower_bound":90.86798810680777,"upper_bound":112.78154461500081},"point_estimate":101.68024458023584,"standard_error":5.6011451396775},"std_dev":{"confidence_interval":{"confidence_level":0.95,"lower_bound":36.63612415448527,"upper_bound":43.68966568672993},"point_estimate":40.558191636834096,"standard_error":1.7989147549953306}}