{"mean":{"confidence_interval":{"confidence_level":0.95,"lower_bound":49.205234460306066,"upper_bound":53.8555928381263},"point_estimate":51.65407706524218,"standard_error":1.1386367989232025},"median":{"confidence_interval":{"confidence_level":0.95,"lower_bound":45.3784292080905,"upper_bound":56.39368963931259},"point_estimate":51.844521657557294,"standard_error":2.5245476867322205}}