{"mean":{"confidence_interval":{"confidence_level":0.95,"lower_bound":38.660017872861324,"upper_bound":45.86162959301631},"point_estimate":41.95264951499391,"standard_error":1.8565729154296664},"median":{"confidence_interval":{"confidence_level":0.95,"lower_bound":32.099379289924386,"upper_bound":38.9712426581783},"point_estimate":34.81795208311189,"standard_error":1.8041958453886437}}