{"mean":{"confidence_interval":{"confidence_level":0.95,"lower_bound":-0.04089668085227265,"upper_bound":-0.008578352393090193},"point_estimate":-0.02292432042426007,"standard_error":0.008252974838808443},"median":{"confidence_interval":{"confidence_level":0.95,"lower_bound":-0.004639839292273074,"upper_bound":-0.001328188805987229},"point_estimate":-0.002670461105933719,"standard_error":0.0008400957445354783}}