{"mean":{"confidence_interval":{"confidence_level":0.95,"lower_bound":-0.002230346919356341,"upper_bound":-0.0018157027602128315},"point_estimate":-0.0020518902289001772,"standard_error":0.00010546474977199821},"median":{"confidence_interval":{"confidence_level":0.95,"lower_bound":-0.0021931147345912727,"upper_bound":-0.002130627195674992},"point_estimate":-0.0021634933721048633,"standard_error":0.000015087840200130642}}