{"mean":{"confidence_interval":{"confidence_level":0.95,"lower_bound":0.03594844248290926,"upper_bound":0.03774340653262378},"point_estimate":0.036796743289181144,"standard_error":0.00045737200710038706},"median":{"confidence_interval":{"confidence_level":0.95,"lower_bound":0.03596245444901335,"upper_bound":0.037217712877582576},"point_estimate":0.036467864555880025,"standard_error":0.00031728592790489815}}