{"mean":{"confidence_interval":{"confidence_level":0.95,"lower_bound":0.18213703895828387,"upper_bound":0.19192708765056227},"point_estimate":0.1870272045346819,"standard_error":0.0024914446009946405},"median":{"confidence_interval":{"confidence_level":0.95,"lower_bound":0.18071236983869624,"upper_bound":0.1922686828045963},"point_estimate":0.18777266006703175,"standard_error":0.0024571359845994385}}