{"mean":{"confidence_interval":{"confidence_level":0.95,"lower_bound":29.771119843823023,"upper_bound":29.864610530251927},"point_estimate":29.817766533752255,"standard_error":0.023785658355584775},"median":{"confidence_interval":{"confidence_level":0.95,"lower_bound":29.82857659913402,"upper_bound":29.936645304133418},"point_estimate":29.893443421427843,"standard_error":0.02911361328891361}}