{"mean":{"confidence_interval":{"confidence_level":0.95,"lower_bound":506.0343341180037,"upper_bound":561.0052834779929},"point_estimate":533.2891872779337,"standard_error":14.05117706468823},"median":{"confidence_interval":{"confidence_level":0.95,"lower_bound":449.4480198019802,"upper_bound":580.4216243739759},"point_estimate":504.0647280010985,"standard_error":32.5189120971245},"median_abs_dev":{"confidence_interval":{"confidence_level":0.95,"lower_bound":110.79699827767209,"upper_bound":217.57111229840197},"point_estimate":158.40004298447897,"standard_error":23.2996083680115},"slope":{"confidence_interval":{"confidence_level":0.95,"lower_bound":510.6739814393707,"upper_bound":591.7002880864222},"point_estimate":551.4658044719057,"standard_error":20.711080822855532},"std_dev":{"confidence_interval":{"confidence_level":0.95,"lower_bound":126.9044051984591,"upper_bound":152.37487065116852},"point_estimate":140.94340249492632,"standard_error":6.486236332047248}}