{"mean":{"confidence_interval":{"confidence_level":0.95,"lower_bound":-0.07036717402904866,"upper_bound":-0.06767249446261113},"point_estimate":-0.06904635897890521,"standard_error":0.0006829357532059746},"median":{"confidence_interval":{"confidence_level":0.95,"lower_bound":-0.07066373233175849,"upper_bound":-0.0682414859450512},"point_estimate":-0.06965362668317554,"standard_error":0.0005801468440752723}}