{"mean":{"confidence_interval":{"confidence_level":0.95,"lower_bound":6.471789016249082,"upper_bound":6.482426727064214},"point_estimate":6.476936612994653,"standard_error":0.002711372102002001},"median":{"confidence_interval":{"confidence_level":0.95,"lower_bound":6.459666160181454,"upper_bound":6.4815940337510005},"point_estimate":6.466334932615446,"standard_error":0.005680599433180733},"median_abs_dev":{"confidence_interval":{"confidence_level":0.95,"lower_bound":0.01170202559664303,"upper_bound":0.032641439526571246},"point_estimate":0.021979397645564638,"standard_error":0.0054716158040255414},"slope":{"confidence_interval":{"confidence_level":0.95,"lower_bound":6.457702406659696,"upper_bound":6.462695869361839},"point_estimate":6.459935540017693,"standard_error":0.0012758805518827954},"std_dev":{"confidence_interval":{"confidence_level":0.95,"lower_bound":0.02189065407103517,"upper_bound":0.032792692674220816},"point_estimate":0.02725465265497419,"standard_error":0.002818946626171069}}