{"mean":{"confidence_interval":{"confidence_level":0.95,"lower_bound":3.3427374411616646,"upper_bound":3.3461381162101502},"point_estimate":3.3443763894817367,"standard_error":0.000867028463034104},"median":{"confidence_interval":{"confidence_level":0.95,"lower_bound":3.337832983726533,"upper_bound":3.3458172995062148},"point_estimate":3.339188689736962,"standard_error":0.0019466469393325306},"median_abs_dev":{"confidence_interval":{"confidence_level":0.95,"lower_bound":0.0014127679583997902,"upper_bound":0.011795531558926122},"point_estimate":0.0033683343366062847,"standard_error":0.002539563615022977},"slope":{"confidence_interval":{"confidence_level":0.95,"lower_bound":3.338373019285298,"upper_bound":3.3396437661951652},"point_estimate":3.3389287388434234,"standard_error":0.00032472292424963906},"std_dev":{"confidence_interval":{"confidence_level":0.95,"lower_bound":0.0071132282131361165,"upper_bound":0.01059797659805702},"point_estimate":0.00867668679658757,"standard_error":0.0009637383230887672}}