{"mean":{"confidence_interval":{"confidence_level":0.95,"lower_bound":162.00053091365507,"upper_bound":191.37011348608547},"point_estimate":176.67168240209048,"standard_error":7.498312305331274},"median":{"confidence_interval":{"confidence_level":0.95,"lower_bound":146.4864699453552,"upper_bound":200.22380755708053},"point_estimate":172.51811612478753,"standard_error":13.804790847060193},"median_abs_dev":{"confidence_interval":{"confidence_level":0.95,"lower_bound":84.54635533621145,"upper_bound":127.5999456203371},"point_estimate":106.06458248287507,"standard_error":11.51215427866252},"slope":{"confidence_interval":{"confidence_level":0.95,"lower_bound":156.27037504188675,"upper_bound":195.83779420633422},"point_estimate":176.21644530084524,"standard_error":10.107426184288961},"std_dev":{"confidence_interval":{"confidence_level":0.95,"lower_bound":69.13502953475795,"upper_bound":80.13322909231576},"point_estimate":75.21492235770366,"standard_error":2.8105039811066246}}