{"mean":{"confidence_interval":{"confidence_level":0.95,"lower_bound":29.404974114846034,"upper_bound":29.46284309700915},"point_estimate":29.431736787641974,"standard_error":0.015106764628746026},"median":{"confidence_interval":{"confidence_level":0.95,"lower_bound":29.375100859180325,"upper_bound":29.45293398994242},"point_estimate":29.41374459683493,"standard_error":0.019664713149170225}}