{"mean":{"confidence_interval":{"confidence_level":0.95,"lower_bound":0.008052489317326656,"upper_bound":0.010427477941425338},"point_estimate":0.009339202060177909,"standard_error":0.0006027991356739854},"median":{"confidence_interval":{"confidence_level":0.95,"lower_bound":0.008680928645089736,"upper_bound":0.010540912148826909},"point_estimate":0.00957382093966519,"standard_error":0.0004634642166689904}}