{"mean":{"confidence_interval":{"confidence_level":0.95,"lower_bound":33.81696842817518,"upper_bound":33.86121611410139},"point_estimate":33.83880806154399,"standard_error":0.011335526644593908},"median":{"confidence_interval":{"confidence_level":0.95,"lower_bound":33.84295304003323,"upper_bound":33.88787326957276},"point_estimate":33.869662371245965,"standard_error":0.012324391890967623}}