{"mean":{"confidence_interval":{"confidence_level":0.95,"lower_bound":0.0002649707567223603,"upper_bound":0.002272835023102165},"point_estimate":0.0010708359600553052,"standard_error":0.0005335729308125658},"median":{"confidence_interval":{"confidence_level":0.95,"lower_bound":0.0000693058442473582,"upper_bound":0.00017895898228115215},"point_estimate":0.00010359950479510438,"standard_error":0.000030287523881283657}}