{"mean":{"confidence_interval":{"confidence_level":0.95,"lower_bound":-0.009437683571898382,"upper_bound":-0.006547819107579939},"point_estimate":-0.007988560402013234,"standard_error":0.0007374057621680334},"median":{"confidence_interval":{"confidence_level":0.95,"lower_bound":-0.008339913320127512,"upper_bound":-0.005807204334799532},"point_estimate":-0.006710867377391461,"standard_error":0.000586847524577272}}