{"mean":{"confidence_interval":{"confidence_level":0.95,"lower_bound":-0.20190520251339172,"upper_bound":0.04348210471095913},"point_estimate":-0.09013742459360219,"standard_error":0.06300574059766581},"median":{"confidence_interval":{"confidence_level":0.95,"lower_bound":-0.21578020649890894,"upper_bound":0.007642204924459719},"point_estimate":-0.09449658731898936,"standard_error":0.06235133760905705}}