{"mean":{"confidence_interval":{"confidence_level":0.95,"lower_bound":23.982833815762316,"upper_bound":29.057190192765212},"point_estimate":26.389664369893246,"standard_error":1.3177888410397196},"median":{"confidence_interval":{"confidence_level":0.95,"lower_bound":19.669327494815466,"upper_bound":23.83144967291453},"point_estimate":21.841017261385044,"standard_error":1.0949658246652973}}