{"mean":{"confidence_interval":{"confidence_level":0.95,"lower_bound":0.0016180746914809254,"upper_bound":0.006105451981777071},"point_estimate":0.0040738798966279965,"standard_error":0.001150463567774071},"median":{"confidence_interval":{"confidence_level":0.95,"lower_bound":0.004261822996385778,"upper_bound":0.007626176724296978},"point_estimate":0.0060840578287171265,"standard_error":0.0009110704478848}}