{"mean":{"confidence_interval":{"confidence_level":0.95,"lower_bound":284.3973735536584,"upper_bound":286.07202444575984},"point_estimate":285.1197459568504,"standard_error":0.43102463920310935},"median":{"confidence_interval":{"confidence_level":0.95,"lower_bound":283.91726758571934,"upper_bound":284.183685300207},"point_estimate":284.07758288497894,"standard_error":0.07707623513777746},"median_abs_dev":{"confidence_interval":{"confidence_level":0.95,"lower_bound":0.45003754924610767,"upper_bound":0.8500816476444669},"point_estimate":0.6603477543654881,"standard_error":0.10693048043262383},"slope":{"confidence_interval":{"confidence_level":0.95,"lower_bound":284.2177190920204,"upper_bound":285.77395715800293},"point_estimate":284.8640855001788,"standard_error":0.40466417503578206},"std_dev":{"confidence_interval":{"confidence_level":0.95,"lower_bound":1.5142097967981727,"upper_bound":6.6585342421663505},"point_estimate":4.342730745670458,"standard_error":1.3503430740308098}}