{"mean":{"confidence_interval":{"confidence_level":0.95,"lower_bound":159.57823631296785,"upper_bound":196.21664778855495},"point_estimate":177.0892416451243,"standard_error":9.33471862217337},"median":{"confidence_interval":{"confidence_level":0.95,"lower_bound":126.55263850139498,"upper_bound":146.91478207863457},"point_estimate":134.32154756764538,"standard_error":5.688608836181445},"median_abs_dev":{"confidence_interval":{"confidence_level":0.95,"lower_bound":17.272296806193662,"upper_bound":44.20365009095091},"point_estimate":27.90665643343205,"standard_error":7.313367637449811},"slope":{"confidence_interval":{"confidence_level":0.95,"lower_bound":148.77207242071592,"upper_bound":197.60884170737245},"point_estimate":171.08039963829341,"standard_error":12.513910130330443},"std_dev":{"confidence_interval":{"confidence_level":0.95,"lower_bound":73.48415716983338,"upper_bound":109.96328395586546},"point_estimate":93.99885795109896,"standard_error":9.329139195195037}}