{"mean":{"confidence_interval":{"confidence_level":0.95,"lower_bound":65.57630594319902,"upper_bound":66.2701097293587},"point_estimate":65.92275918882109,"standard_error":0.17787450588309547},"median":{"confidence_interval":{"confidence_level":0.95,"lower_bound":65.33047262574064,"upper_bound":66.33044249531882},"point_estimate":66.00931428845615,"standard_error":0.26920459646532946},"median_abs_dev":{"confidence_interval":{"confidence_level":0.95,"lower_bound":1.4527669448548326,"upper_bound":2.3196057753904085},"point_estimate":1.9475978357600998,"standard_error":0.20973076708309502},"slope":{"confidence_interval":{"confidence_level":0.95,"lower_bound":65.43490073186003,"upper_bound":66.20575140690048},"point_estimate":65.83096972738184,"standard_error":0.19667445991082524},"std_dev":{"confidence_interval":{"confidence_level":0.95,"lower_bound":1.5604345447129322,"upper_bound":1.9710178008173338},"point_estimate":1.7794381271583106,"standard_error":0.105028973557276}}