{"mean":{"confidence_interval":{"confidence_level":0.95,"lower_bound":-0.045024419142326924,"upper_bound":-0.040648942573060474},"point_estimate":-0.04255657243768707,"standard_error":0.0011247120857972358},"median":{"confidence_interval":{"confidence_level":0.95,"lower_bound":-0.04470394082008375,"upper_bound":-0.04156009255357454},"point_estimate":-0.043525539568563976,"standard_error":0.0007892339337473381}}