{"mean":{"confidence_interval":{"confidence_level":0.95,"lower_bound":0.005235354609191773,"upper_bound":0.009625436519717022},"point_estimate":0.0076968719491108395,"standard_error":0.0011343531957558406},"median":{"confidence_interval":{"confidence_level":0.95,"lower_bound":0.008627692243560414,"upper_bound":0.010721371910974664},"point_estimate":0.009805007689941192,"standard_error":0.000546365668852642}}