{"mean":{"confidence_interval":{"confidence_level":0.95,"lower_bound":-0.07831947986057235,"upper_bound":-0.05983802329984038},"point_estimate":-0.06894827188616526,"standard_error":0.004799989077030126},"median":{"confidence_interval":{"confidence_level":0.95,"lower_bound":-0.0707720144176508,"upper_bound":-0.04521945803498517},"point_estimate":-0.05266208519710158,"standard_error":0.0068062239510858075}}