{"mean":{"confidence_interval":{"confidence_level":0.95,"lower_bound":142.25709405326464,"upper_bound":142.3949570657978},"point_estimate":142.32487746583868,"standard_error":0.0352698833447743},"median":{"confidence_interval":{"confidence_level":0.95,"lower_bound":142.15936714526737,"upper_bound":142.34118086858751},"point_estimate":142.2297381667501,"standard_error":0.04972544504154332},"median_abs_dev":{"confidence_interval":{"confidence_level":0.95,"lower_bound":0.2522241204570143,"upper_bound":0.4295595116445796},"point_estimate":0.35949786166950465,"standard_error":0.044766391925278815},"slope":{"confidence_interval":{"confidence_level":0.95,"lower_bound":142.0694331787052,"upper_bound":142.15670519699964},"point_estimate":142.11152650441656,"standard_error":0.022338466392600773},"std_dev":{"confidence_interval":{"confidence_level":0.95,"lower_bound":0.29913558685888586,"upper_bound":0.4059670356017569},"point_estimate":0.3552360056813387,"standard_error":0.02737428199915646}}