{"mean":{"confidence_interval":{"confidence_level":0.95,"lower_bound":93.86988929058171,"upper_bound":93.97148014203957},"point_estimate":93.91890466127364,"standard_error":0.025848480207757638},"median":{"confidence_interval":{"confidence_level":0.95,"lower_bound":93.83547300373304,"upper_bound":93.94906147033932},"point_estimate":93.91129809085115,"standard_error":0.027875937987532153},"median_abs_dev":{"confidence_interval":{"confidence_level":0.95,"lower_bound":0.14615877139600017,"upper_bound":0.2745159260843446},"point_estimate":0.19260832005012193,"standard_error":0.03389120470430393},"slope":{"confidence_interval":{"confidence_level":0.95,"lower_bound":93.72119444008266,"upper_bound":93.84800156909917},"point_estimate":93.77599769124768,"standard_error":0.03282433789291677},"std_dev":{"confidence_interval":{"confidence_level":0.95,"lower_bound":0.20461310999696894,"upper_bound":0.31642301446043763},"point_estimate":0.2601488745828835,"standard_error":0.028920787798937232}}