{"mean":{"confidence_interval":{"confidence_level":0.95,"lower_bound":77.77716664866234,"upper_bound":77.87875424170939},"point_estimate":77.82629890231334,"standard_error":0.025886122986390755},"median":{"confidence_interval":{"confidence_level":0.95,"lower_bound":77.6755509819055,"upper_bound":77.83043605735914},"point_estimate":77.78703365133035,"standard_error":0.04583519034686064},"median_abs_dev":{"confidence_interval":{"confidence_level":0.95,"lower_bound":0.13032910746618503,"upper_bound":0.31351566477727527},"point_estimate":0.2754263304159191,"standard_error":0.05577250148046348},"slope":{"confidence_interval":{"confidence_level":0.95,"lower_bound":77.78862801742311,"upper_bound":77.89896876884522},"point_estimate":77.8427430333248,"standard_error":0.028120361683965665},"std_dev":{"confidence_interval":{"confidence_level":0.95,"lower_bound":0.20682895458285833,"upper_bound":0.310100748090663},"point_estimate":0.26027360459619964,"standard_error":0.02640411813984717}}