{"mean":{"confidence_interval":{"confidence_level":0.95,"lower_bound":4.609440812335649,"upper_bound":4.624127674422617},"point_estimate":4.615950625576123,"standard_error":0.0037799909147789544},"median":{"confidence_interval":{"confidence_level":0.95,"lower_bound":4.603506300215412,"upper_bound":4.606932962853254},"point_estimate":4.605745413760014,"standard_error":0.0009884351783994304},"median_abs_dev":{"confidence_interval":{"confidence_level":0.95,"lower_bound":0.007136486407833027,"upper_bound":0.012533282590319913},"point_estimate":0.009665193295975013,"standard_error":0.0013692796929800717},"slope":{"confidence_interval":{"confidence_level":0.95,"lower_bound":4.606685524776144,"upper_bound":4.622953641328333},"point_estimate":4.614035711792176,"standard_error":0.004176609585081182},"std_dev":{"confidence_interval":{"confidence_level":0.95,"lower_bound":0.01941501054555465,"upper_bound":0.05603420951138533},"point_estimate":0.038038554487281426,"standard_error":0.010176474223617487}}