{"mean":{"confidence_interval":{"confidence_level":0.95,"lower_bound":1.1767966442488484,"upper_bound":1.1800608081612998},"point_estimate":1.17828864767614,"standard_error":0.0008371486128650686},"median":{"confidence_interval":{"confidence_level":0.95,"lower_bound":1.1751247987353404,"upper_bound":1.177385252699233},"point_estimate":1.1759574740050287,"standard_error":0.0005113141364001597},"median_abs_dev":{"confidence_interval":{"confidence_level":0.95,"lower_bound":0.0030374611118459205,"upper_bound":0.0049481328994121845},"point_estimate":0.004140983842683188,"standard_error":0.00047119500410788427},"slope":{"confidence_interval":{"confidence_level":0.95,"lower_bound":1.174001994439696,"upper_bound":1.1751906157137644},"point_estimate":1.174543225875152,"standard_error":0.00030377914887960884},"std_dev":{"confidence_interval":{"confidence_level":0.95,"lower_bound":0.0048856274273443075,"upper_bound":0.011657327800119237},"point_estimate":0.00841338084346269,"standard_error":0.001756665654752971}}