{"mean":{"confidence_interval":{"confidence_level":0.95,"lower_bound":25.84590723291745,"upper_bound":29.8474908974284},"point_estimate":27.685185522852343,"standard_error":1.0045344846789208},"median":{"confidence_interval":{"confidence_level":0.95,"lower_bound":22.915678308019704,"upper_bound":29.43589059466214},"point_estimate":26.36030154642135,"standard_error":1.7288617754765}}