{"mean":{"confidence_interval":{"confidence_level":0.95,"lower_bound":-0.007038345657375314,"upper_bound":-0.004234184830481087},"point_estimate":-0.0057235462383318225,"standard_error":0.0007557791772224215},"median":{"confidence_interval":{"confidence_level":0.95,"lower_bound":-0.007984334767572099,"upper_bound":-0.005259939379010703},"point_estimate":-0.0061877039990813065,"standard_error":0.0007213153824724281}}