{"mean":{"confidence_interval":{"confidence_level":0.95,"lower_bound":72.79509796329228,"upper_bound":72.81795282641474},"point_estimate":72.80504407273203,"standard_error":0.0058918426880583625},"median":{"confidence_interval":{"confidence_level":0.95,"lower_bound":72.79008917396746,"upper_bound":72.79487336601308},"point_estimate":72.79174107142858,"standard_error":0.0012994098269397342},"median_abs_dev":{"confidence_interval":{"confidence_level":0.95,"lower_bound":0.006435974911532964,"upper_bound":0.012324765456695657},"point_estimate":0.009148667086243964,"standard_error":0.0014653852096439442},"slope":{"confidence_interval":{"confidence_level":0.95,"lower_bound":72.79354774986689,"upper_bound":72.82107402786089},"point_estimate":72.80323384134945,"standard_error":0.007597453942499836},"std_dev":{"confidence_interval":{"confidence_level":0.95,"lower_bound":0.022388057927526604,"upper_bound":0.08927443501555005},"point_estimate":0.059246112978829826,"standard_error":0.017420036595188013}}