{"mean":{"confidence_interval":{"confidence_level":0.95,"lower_bound":490.6996001642797,"upper_bound":542.771691774571},"point_estimate":516.486272752116,"standard_error":13.279227217744221},"median":{"confidence_interval":{"confidence_level":0.95,"lower_bound":461.16353629170965,"upper_bound":526.2230962152303},"point_estimate":477.7503056497287,"standard_error":15.009156741021147},"median_abs_dev":{"confidence_interval":{"confidence_level":0.95,"lower_bound":105.82852091552539,"upper_bound":182.38356597948348},"point_estimate":126.42941047380857,"standard_error":18.927973233161033},"slope":{"confidence_interval":{"confidence_level":0.95,"lower_bound":488.53645593101743,"upper_bound":556.210184383807},"point_estimate":521.67568479675,"standard_error":17.25831507459324},"std_dev":{"confidence_interval":{"confidence_level":0.95,"lower_bound":118.59031274440751,"upper_bound":144.97502846802465},"point_estimate":133.29246164929026,"standard_error":6.710896153008718}}