{"mean":{"confidence_interval":{"confidence_level":0.95,"lower_bound":191.0040465374976,"upper_bound":194.27177776495122},"point_estimate":192.2265837815298,"standard_error":0.9083994844319757},"median":{"confidence_interval":{"confidence_level":0.95,"lower_bound":190.32078745661997,"upper_bound":190.8981864654333},"point_estimate":190.55323845114708,"standard_error":0.159530021335701},"median_abs_dev":{"confidence_interval":{"confidence_level":0.95,"lower_bound":0.9646421902448524,"upper_bound":1.7567012335694752},"point_estimate":1.3195248037402605,"standard_error":0.19437514766990802},"slope":{"confidence_interval":{"confidence_level":0.95,"lower_bound":191.22708888268247,"upper_bound":198.46520341941613},"point_estimate":193.77710908471133,"standard_error":2.0480422844723636},"std_dev":{"confidence_interval":{"confidence_level":0.95,"lower_bound":1.8594301369642885,"upper_bound":15.302570623495791},"point_estimate":9.116903888084975,"standard_error":4.588967848186134}}