{"mean":{"confidence_interval":{"confidence_level":0.95,"lower_bound":0.01387500123371228,"upper_bound":0.015883025990461347},"point_estimate":0.014927126764937348,"standard_error":0.0005131038994215225},"median":{"confidence_interval":{"confidence_level":0.95,"lower_bound":0.014233315723597428,"upper_bound":0.016511925799283362},"point_estimate":0.015697642180176885,"standard_error":0.0005374614454568281}}