{"mean":{"confidence_interval":{"confidence_level":0.95,"lower_bound":46.93762590997501,"upper_bound":54.41053277304819},"point_estimate":50.53194142720858,"standard_error":1.8125653631091887},"median":{"confidence_interval":{"confidence_level":0.95,"lower_bound":43.7883481095866,"upper_bound":57.16958838549572},"point_estimate":48.9987024807564,"standard_error":3.3933416415245246}}