{"mean":{"confidence_interval":{"confidence_level":0.95,"lower_bound":88.72069983279297,"upper_bound":109.76202003973378},"point_estimate":98.81176450004466,"standard_error":5.368879148229385},"median":{"confidence_interval":{"confidence_level":0.95,"lower_bound":65.85447719688543,"upper_bound":89.88877214902317},"point_estimate":74.59035748940903,"standard_error":5.866966810634524},"median_abs_dev":{"confidence_interval":{"confidence_level":0.95,"lower_bound":13.575645192036019,"upper_bound":43.61227770231744},"point_estimate":25.82098634200266,"standard_error":7.389289285515385},"slope":{"confidence_interval":{"confidence_level":0.95,"lower_bound":77.71285233773182,"upper_bound":97.197586151745},"point_estimate":86.75076083913739,"standard_error":4.97968816702469},"std_dev":{"confidence_interval":{"confidence_level":0.95,"lower_bound":41.49460312635682,"upper_bound":64.46748641754318},"point_estimate":53.92031288752771,"standard_error":5.864107358986031}}