{"mean":{"confidence_interval":{"confidence_level":0.95,"lower_bound":127.27261112610175,"upper_bound":150.26512650700934},"point_estimate":138.69092488960158,"standard_error":5.871271337458489},"median":{"confidence_interval":{"confidence_level":0.95,"lower_bound":115.46263586956522,"upper_bound":145.93132411067194},"point_estimate":136.9970688467311,"standard_error":9.270967210931435},"median_abs_dev":{"confidence_interval":{"confidence_level":0.95,"lower_bound":55.64861370909432,"upper_bound":83.97488222368737},"point_estimate":73.577605883918,"standard_error":7.526093427723},"slope":{"confidence_interval":{"confidence_level":0.95,"lower_bound":117.71344582456096,"upper_bound":150.3358956241978},"point_estimate":133.67409338102857,"standard_error":8.355603520571554},"std_dev":{"confidence_interval":{"confidence_level":0.95,"lower_bound":52.309828772191516,"upper_bound":64.48736107951018},"point_estimate":58.92030111503991,"standard_error":3.1066660454509125}}