{"mean":{"confidence_interval":{"confidence_level":0.95,"lower_bound":6.458305365618684,"upper_bound":6.463873206123859},"point_estimate":6.460891745877931,"standard_error":0.0014187952833705673},"median":{"confidence_interval":{"confidence_level":0.95,"lower_bound":6.458125708928068,"upper_bound":6.461672744934175},"point_estimate":6.459909990917603,"standard_error":0.0009170817248265454},"median_abs_dev":{"confidence_interval":{"confidence_level":0.95,"lower_bound":0.005141073629498096,"upper_bound":0.014074545423377424},"point_estimate":0.0067533288670432205,"standard_error":0.002314438196678975},"slope":{"confidence_interval":{"confidence_level":0.95,"lower_bound":6.456230564128271,"upper_bound":6.46033030933124},"point_estimate":6.458292304809496,"standard_error":0.001047575687729963},"std_dev":{"confidence_interval":{"confidence_level":0.95,"lower_bound":0.009545122358835766,"upper_bound":0.019760349300557856},"point_estimate":0.01425234811778313,"standard_error":0.0029462998510042327}}