{"mean":{"confidence_interval":{"confidence_level":0.95,"lower_bound":0.0025714142017018216,"upper_bound":0.004532629364661872},"point_estimate":0.0034994183455347994,"standard_error":0.000504361423975177},"median":{"confidence_interval":{"confidence_level":0.95,"lower_bound":0.001316849483623539,"upper_bound":0.0048696058106540985},"point_estimate":0.00269040299042822,"standard_error":0.000993368677801877}}