{"mean":{"confidence_interval":{"confidence_level":0.95,"lower_bound":38.87387809398916,"upper_bound":42.86559588850944},"point_estimate":40.83083549130448,"standard_error":1.0257389913631896},"median":{"confidence_interval":{"confidence_level":0.95,"lower_bound":37.113341990121974,"upper_bound":43.69481004637463},"point_estimate":40.13949299857771,"standard_error":1.8075250384378916}}