{"mean":{"confidence_interval":{"confidence_level":0.95,"lower_bound":48.10709317025848,"upper_bound":55.00466165693548},"point_estimate":51.18577483848558,"standard_error":1.7862298358425182},"median":{"confidence_interval":{"confidence_level":0.95,"lower_bound":42.33518818064269,"upper_bound":55.99510849997238},"point_estimate":49.73714774220925,"standard_error":2.953790563016598}}