{"mean":{"confidence_interval":{"confidence_level":0.95,"lower_bound":26.663345579920353,"upper_bound":30.341306220833303},"point_estimate":28.352850582350335,"standard_error":0.947032379958747},"median":{"confidence_interval":{"confidence_level":0.95,"lower_bound":24.457991142620187,"upper_bound":29.966862532583367},"point_estimate":26.922367231564092,"standard_error":1.412046348564966}}