{"mean":{"confidence_interval":{"confidence_level":0.95,"lower_bound":28.639390249019463,"upper_bound":28.95208643389467},"point_estimate":28.779169459433806,"standard_error":0.07617578983959553},"median":{"confidence_interval":{"confidence_level":0.95,"lower_bound":28.576202534698115,"upper_bound":28.6103183530077},"point_estimate":28.600594435254546,"standard_error":0.00972158182193517}}