{"mean":{"confidence_interval":{"confidence_level":0.95,"lower_bound":26.554401972855523,"upper_bound":31.044900860416963},"point_estimate":28.77793022787443,"standard_error":1.0932830029985094},"median":{"confidence_interval":{"confidence_level":0.95,"lower_bound":22.48874004347383,"upper_bound":27.328520913813687},"point_estimate":23.858119804423985,"standard_error":1.2215669955627588}}