{"mean":{"confidence_interval":{"confidence_level":0.95,"lower_bound":-0.104342031282231,"upper_bound":0.19069754928783508},"point_estimate":0.03246755444192728,"standard_error":0.07538527639297672},"median":{"confidence_interval":{"confidence_level":0.95,"lower_bound":-0.17123460554171546,"upper_bound":0.4393977651701608},"point_estimate":0.1600913198309879,"standard_error":0.15487568768003146}}