{"mean":{"confidence_interval":{"confidence_level":0.95,"lower_bound":30.902420943445136,"upper_bound":31.09897888089825},"point_estimate":30.99169016931548,"standard_error":0.0524738070504361},"median":{"confidence_interval":{"confidence_level":0.95,"lower_bound":30.824417406708466,"upper_bound":30.926117675665086},"point_estimate":30.876755095753225,"standard_error":0.025721689018900866}}