{"mean":{"confidence_interval":{"confidence_level":0.95,"lower_bound":1.6549936805321186,"upper_bound":1.6553633604483948},"point_estimate":1.655162301615767,"standard_error":0.00009476337020724453},"median":{"confidence_interval":{"confidence_level":0.95,"lower_bound":1.654809984153113,"upper_bound":1.6550397051076535},"point_estimate":1.6549080454699494,"standard_error":0.00006638998823104877},"median_abs_dev":{"confidence_interval":{"confidence_level":0.95,"lower_bound":0.0003325825938317477,"upper_bound":0.0006085356284110307},"point_estimate":0.0004618853431504274,"standard_error":0.00007299294024078154},"slope":{"confidence_interval":{"confidence_level":0.95,"lower_bound":1.6548255386468635,"upper_bound":1.6551963949653963},"point_estimate":1.6549856576345896,"standard_error":0.00009475533105879274},"std_dev":{"confidence_interval":{"confidence_level":0.95,"lower_bound":0.0005648959288827476,"upper_bound":0.0013422894816130283},"point_estimate":0.0009519433221231685,"standard_error":0.000209622012015421}}