{"mean":{"confidence_interval":{"confidence_level":0.95,"lower_bound":0.03308006793712752,"upper_bound":0.04519197109847027},"point_estimate":0.04025493694860649,"standard_error":0.0032078974946357568},"median":{"confidence_interval":{"confidence_level":0.95,"lower_bound":0.043764041691262356,"upper_bound":0.047382641824021965},"point_estimate":0.0454954648249426,"standard_error":0.0008851054652555591}}