{"mean":{"confidence_interval":{"confidence_level":0.95,"lower_bound":45.8044626049188,"upper_bound":53.41468715121698},"point_estimate":49.52916626237671,"standard_error":1.9820081296269099},"median":{"confidence_interval":{"confidence_level":0.95,"lower_bound":40.94781863651032,"upper_bound":57.422346914265084},"point_estimate":48.743347431328345,"standard_error":4.493901879417985}}