{"mean":{"confidence_interval":{"confidence_level":0.95,"lower_bound":707.6456815097204,"upper_bound":765.2829995896526},"point_estimate":736.233961608846,"standard_error":14.728158150830058},"median":{"confidence_interval":{"confidence_level":0.95,"lower_bound":666.1260574018127,"upper_bound":752.7689029153732},"point_estimate":713.229458482102,"standard_error":24.015685734389724},"median_abs_dev":{"confidence_interval":{"confidence_level":0.95,"lower_bound":127.82094286596974,"upper_bound":216.76975657999637},"point_estimate":163.82813731183546,"standard_error":22.103355752913515},"slope":{"confidence_interval":{"confidence_level":0.95,"lower_bound":716.6975579658895,"upper_bound":794.2551343011357},"point_estimate":755.9516886686189,"standard_error":19.78001490637587},"std_dev":{"confidence_interval":{"confidence_level":0.95,"lower_bound":132.59119852675866,"upper_bound":160.89677000356397},"point_estimate":148.15273183974233,"standard_error":7.215466582395534}}