{"mean":{"confidence_interval":{"confidence_level":0.95,"lower_bound":-0.10269532710058547,"upper_bound":0.03532597635192863},"point_estimate":-0.035701867100816354,"standard_error":0.035410309208642514},"median":{"confidence_interval":{"confidence_level":0.95,"lower_bound":-0.21348384333357784,"upper_bound":0.11883617613880548},"point_estimate":-0.06218972850840321,"standard_error":0.08621162817721097}}