{"mean":{"confidence_interval":{"confidence_level":0.95,"lower_bound":-0.0321376571729247,"upper_bound":-0.02999927705101546},"point_estimate":-0.031074890308471992,"standard_error":0.0005505167076392065},"median":{"confidence_interval":{"confidence_level":0.95,"lower_bound":-0.03319543487766693,"upper_bound":-0.030810574769820076},"point_estimate":-0.03220079252963115,"standard_error":0.000595797274108178}}