{"mean":{"confidence_interval":{"confidence_level":0.95,"lower_bound":-0.01593518257631184,"upper_bound":-0.014832516764857704},"point_estimate":-0.01538355407073233,"standard_error":0.00028170956542792605},"median":{"confidence_interval":{"confidence_level":0.95,"lower_bound":-0.016325071226317323,"upper_bound":-0.014823064859564417},"point_estimate":-0.015146273930394583,"standard_error":0.0003794206308739464}}