{"mean":{"confidence_interval":{"confidence_level":0.95,"lower_bound":3.3166147285876377,"upper_bound":3.3266271972767423},"point_estimate":3.321209359754068,"standard_error":0.0025597283380947387},"median":{"confidence_interval":{"confidence_level":0.95,"lower_bound":3.311439113309732,"upper_bound":3.3201006825877295},"point_estimate":3.3141203646040918,"standard_error":0.002240116290078444},"median_abs_dev":{"confidence_interval":{"confidence_level":0.95,"lower_bound":0.010912163460219367,"upper_bound":0.01789998123947576},"point_estimate":0.013624707681708514,"standard_error":0.0017613272748475599},"slope":{"confidence_interval":{"confidence_level":0.95,"lower_bound":3.3106062249222283,"upper_bound":3.3160360266684297},"point_estimate":3.313161779506981,"standard_error":0.001387347207394548},"std_dev":{"confidence_interval":{"confidence_level":0.95,"lower_bound":0.01517864657095866,"upper_bound":0.03563993249095964},"point_estimate":0.025676223130335907,"standard_error":0.0053525560058456725}}