{"mean":{"confidence_interval":{"confidence_level":0.95,"lower_bound":154.35713432831253,"upper_bound":155.5564088298977},"point_estimate":154.848785957348,"standard_error":0.3134743406211917},"median":{"confidence_interval":{"confidence_level":0.95,"lower_bound":154.1709910938299,"upper_bound":154.62049019607844},"point_estimate":154.36232995762407,"standard_error":0.11760117719181915},"median_abs_dev":{"confidence_interval":{"confidence_level":0.95,"lower_bound":0.6753080915402995,"upper_bound":1.0234535667237252},"point_estimate":0.8556775664326316,"standard_error":0.08928212029827366},"slope":{"confidence_interval":{"confidence_level":0.95,"lower_bound":153.9241696326082,"upper_bound":154.2016344443774},"point_estimate":154.05622680540222,"standard_error":0.0708517247944525},"std_dev":{"confidence_interval":{"confidence_level":0.95,"lower_bound":0.7395748011708917,"upper_bound":5.068455215007968},"point_estimate":3.1581517224078683,"standard_error":1.2231701294956714}}