{"mean":{"confidence_interval":{"confidence_level":0.95,"lower_bound":156.21414365392596,"upper_bound":156.43424795557925},"point_estimate":156.3120802003277,"standard_error":0.056414699900156066},"median":{"confidence_interval":{"confidence_level":0.95,"lower_bound":156.15457759466,"upper_bound":156.23344129849335},"point_estimate":156.19699745810635,"standard_error":0.022028813948389927},"median_abs_dev":{"confidence_interval":{"confidence_level":0.95,"lower_bound":0.11873117249308406,"upper_bound":0.21118893912909126},"point_estimate":0.1549286819213423,"standard_error":0.023208912391609018},"slope":{"confidence_interval":{"confidence_level":0.95,"lower_bound":156.16145148479086,"upper_bound":156.25021193729916},"point_estimate":156.20428025707102,"standard_error":0.022531654845749215},"std_dev":{"confidence_interval":{"confidence_level":0.95,"lower_bound":0.26032300476772896,"upper_bound":0.8031964560369083},"point_estimate":0.5618445755925261,"standard_error":0.14076324540693583}}