{"mean":{"confidence_interval":{"confidence_level":0.95,"lower_bound":-0.008889873220211078,"upper_bound":-0.006476578015760136},"point_estimate":-0.007696966346768863,"standard_error":0.0006173097421566788},"median":{"confidence_interval":{"confidence_level":0.95,"lower_bound":-0.010147338100750192,"upper_bound":-0.007191258861744138},"point_estimate":-0.009065483715870015,"standard_error":0.0007552156344487645}}