{"mean":{"confidence_interval":{"confidence_level":0.95,"lower_bound":229.9751855525559,"upper_bound":233.35505798528908},"point_estimate":231.51023161192361,"standard_error":0.8640976260908781},"median":{"confidence_interval":{"confidence_level":0.95,"lower_bound":228.9821482274537,"upper_bound":230.6715526494531},"point_estimate":229.49851933655611,"standard_error":0.4283530234953832},"median_abs_dev":{"confidence_interval":{"confidence_level":0.95,"lower_bound":3.7001992381695947,"upper_bound":6.18391404312031},"point_estimate":4.541981849904772,"standard_error":0.6599512088693406},"slope":{"confidence_interval":{"confidence_level":0.95,"lower_bound":229.51164930440362,"upper_bound":231.74717279715762},"point_estimate":230.57609971791516,"standard_error":0.5732192926574055},"std_dev":{"confidence_interval":{"confidence_level":0.95,"lower_bound":4.860078541208227,"upper_bound":12.138248700813984},"point_estimate":8.710885917694556,"standard_error":1.8853930756186914}}