{"mean":{"confidence_interval":{"confidence_level":0.95,"lower_bound":36.04959430039986,"upper_bound":36.269769133091415},"point_estimate":36.14500739706863,"standard_error":0.05607671706714343},"median":{"confidence_interval":{"confidence_level":0.95,"lower_bound":36.019655355560204,"upper_bound":36.12867217500828},"point_estimate":36.073439254304226,"standard_error":0.028658461205586638}}