{"mean":{"confidence_interval":{"confidence_level":0.95,"lower_bound":32.298394662139145,"upper_bound":32.411202356109435},"point_estimate":32.347919484530756,"standard_error":0.028592473404310946},"median":{"confidence_interval":{"confidence_level":0.95,"lower_bound":32.2513962382207,"upper_bound":32.387644316038035},"point_estimate":32.33612494054198,"standard_error":0.0370108572225683}}