{"mean":{"confidence_interval":{"confidence_level":0.95,"lower_bound":30.742119669478885,"upper_bound":30.958543843064405},"point_estimate":30.844098624900635,"standard_error":0.054993379740235},"median":{"confidence_interval":{"confidence_level":0.95,"lower_bound":30.789307070684035,"upper_bound":31.047371139426012},"point_estimate":30.868874825217773,"standard_error":0.07330593521451649}}