{"mean":{"confidence_interval":{"confidence_level":0.95,"lower_bound":0.006153870597283845,"upper_bound":0.007519345559545204},"point_estimate":0.006786276999958041,"standard_error":0.00033536899101025276},"median":{"confidence_interval":{"confidence_level":0.95,"lower_bound":0.005344854116185349,"upper_bound":0.006891341315178323},"point_estimate":0.005766287908911094,"standard_error":0.0004574625455050578}}