{"mean":{"confidence_interval":{"confidence_level":0.95,"lower_bound":0.00705730614037724,"upper_bound":0.008466790999225388},"point_estimate":0.007781520592228919,"standard_error":0.0003551593294116145},"median":{"confidence_interval":{"confidence_level":0.95,"lower_bound":0.006039507414986156,"upper_bound":0.007968029039119973},"point_estimate":0.006929345142036469,"standard_error":0.0004861971497222397}}