{"mean":{"confidence_interval":{"confidence_level":0.95,"lower_bound":24.76550339352225,"upper_bound":28.840070547895895},"point_estimate":26.685834806636972,"standard_error":1.0367995655727589},"median":{"confidence_interval":{"confidence_level":0.95,"lower_bound":19.462523830838045,"upper_bound":30.27542788113866},"point_estimate":24.184788303078765,"standard_error":2.6893281934770616}}