{"mean":{"confidence_interval":{"confidence_level":0.95,"lower_bound":-0.0022050781688787795,"upper_bound":0.0016372180141268771},"point_estimate":-0.00038221411687167084,"standard_error":0.0009709221108432786},"median":{"confidence_interval":{"confidence_level":0.95,"lower_bound":-0.0030571484594867915,"upper_bound":-0.0011172592068338094},"point_estimate":-0.002083297321730404,"standard_error":0.0004973347622039885}}