{"mean":{"confidence_interval":{"confidence_level":0.95,"lower_bound":-0.02983304518940879,"upper_bound":-0.014031766845396872},"point_estimate":-0.02071125067468893,"standard_error":0.004120976838862754},"median":{"confidence_interval":{"confidence_level":0.95,"lower_bound":-0.014922541439466364,"upper_bound":-0.011474565100529022},"point_estimate":-0.013417389309012484,"standard_error":0.0009645627069960033}}