{"mean":{"confidence_interval":{"confidence_level":0.95,"lower_bound":-0.02600350076524371,"upper_bound":-0.019540133509829048},"point_estimate":-0.022694696720213958,"standard_error":0.0016447910298481943},"median":{"confidence_interval":{"confidence_level":0.95,"lower_bound":-0.02269539937898646,"upper_bound":-0.020143075009449563},"point_estimate":-0.021227099303859576,"standard_error":0.0005959786399022777}}