{"mean":{"confidence_interval":{"confidence_level":0.95,"lower_bound":470.2539737792888,"upper_bound":524.9998628899539},"point_estimate":496.43707604835413,"standard_error":13.9569940508258},"median":{"confidence_interval":{"confidence_level":0.95,"lower_bound":421.8684371184371,"upper_bound":464.8849029699724},"point_estimate":449.9505112942613,"standard_error":9.03699164600397},"median_abs_dev":{"confidence_interval":{"confidence_level":0.95,"lower_bound":54.64437640166327,"upper_bound":106.54284081657696},"point_estimate":83.51527916189427,"standard_error":11.713398462979434},"slope":{"confidence_interval":{"confidence_level":0.95,"lower_bound":470.4116709774007,"upper_bound":545.6049828346597},"point_estimate":506.78067194492127,"standard_error":19.268491619961274},"std_dev":{"confidence_interval":{"confidence_level":0.95,"lower_bound":109.65773969851527,"upper_bound":165.91981605707},"point_estimate":140.46079643182287,"standard_error":14.377150738594784}}