{"mean":{"confidence_interval":{"confidence_level":0.95,"lower_bound":36.44475295705625,"upper_bound":36.69389957361308},"point_estimate":36.564751867183055,"standard_error":0.06351700855523298},"median":{"confidence_interval":{"confidence_level":0.95,"lower_bound":36.46656173346469,"upper_bound":36.58672109246911},"point_estimate":36.5346036629483,"standard_error":0.02971964698900293}}