{"mean":{"confidence_interval":{"confidence_level":0.95,"lower_bound":35.651346434928925,"upper_bound":36.04305298590642},"point_estimate":35.86835025478781,"standard_error":0.10130232409159015},"median":{"confidence_interval":{"confidence_level":0.95,"lower_bound":35.35984163614626,"upper_bound":35.829939263647574},"point_estimate":35.6790513690602,"standard_error":0.14955376610975535}}