{"mean":{"confidence_interval":{"confidence_level":0.95,"lower_bound":-0.0006492043074632219,"upper_bound":0.007324019519423158},"point_estimate":0.003205340855362504,"standard_error":0.002027912124641608},"median":{"confidence_interval":{"confidence_level":0.95,"lower_bound":-0.00234037177396762,"upper_bound":0.0061150479298901494},"point_estimate":0.001856739978438382,"standard_error":0.0020779454155889295}}