{"mean":{"confidence_interval":{"confidence_level":0.95,"lower_bound":30.939072989314532,"upper_bound":31.111289904637683},"point_estimate":31.023270016492788,"standard_error":0.04398427028930091},"median":{"confidence_interval":{"confidence_level":0.95,"lower_bound":30.877727346578073,"upper_bound":31.093334870828535},"point_estimate":30.958527724848636,"standard_error":0.05345768491849528}}