{"mean":{"confidence_interval":{"confidence_level":0.95,"lower_bound":-0.07291162299297002,"upper_bound":0.23459299743059117},"point_estimate":0.06820720602184038,"standard_error":0.07858064989516865},"median":{"confidence_interval":{"confidence_level":0.95,"lower_bound":-0.07777829781680723,"upper_bound":0.21510336734536906},"point_estimate":0.04652692150832083,"standard_error":0.07373475858939967}}