{"mean":{"confidence_interval":{"confidence_level":0.95,"lower_bound":445.5518635417096,"upper_bound":516.0462218190557},"point_estimate":480.5279858452356,"standard_error":17.957153784987234},"median":{"confidence_interval":{"confidence_level":0.95,"lower_bound":380.79097796143253,"upper_bound":513.3128487673943},"point_estimate":429.1720118621289,"standard_error":32.614696345202326},"median_abs_dev":{"confidence_interval":{"confidence_level":0.95,"lower_bound":146.807707180506,"upper_bound":277.0189637407144},"point_estimate":205.37893128786138,"standard_error":32.844429504553915},"slope":{"confidence_interval":{"confidence_level":0.95,"lower_bound":440.33850084451956,"upper_bound":533.8300121836136},"point_estimate":486.3663301771154,"standard_error":23.933565110743285},"std_dev":{"confidence_interval":{"confidence_level":0.95,"lower_bound":164.35262744259998,"upper_bound":193.4435745637146},"point_estimate":180.67773589077612,"standard_error":7.419215580982958}}