{"mean":{"confidence_interval":{"confidence_level":0.95,"lower_bound":43.98600743426252,"upper_bound":50.69363250474492},"point_estimate":47.265054190241656,"standard_error":1.760120989940756},"median":{"confidence_interval":{"confidence_level":0.95,"lower_bound":41.41654479948156,"upper_bound":51.25780132958727},"point_estimate":46.13981735889442,"standard_error":2.2715243309218804}}