{"mean":{"confidence_interval":{"confidence_level":0.95,"lower_bound":-0.0020503612619450495,"upper_bound":0.00010542989719338756},"point_estimate":-0.0009476843695485071,"standard_error":0.0005489556958913782},"median":{"confidence_interval":{"confidence_level":0.95,"lower_bound":-0.002547522574693817,"upper_bound":-0.00013002868532629996},"point_estimate":-0.00112875334948348,"standard_error":0.0006114960150972246}}