{"mean":{"confidence_interval":{"confidence_level":0.95,"lower_bound":-0.09651621732407152,"upper_bound":0.10186691041480635},"point_estimate":-0.004853744932025172,"standard_error":0.05060631798913839},"median":{"confidence_interval":{"confidence_level":0.95,"lower_bound":-0.0679057307481048,"upper_bound":0.2711738091448228},"point_estimate":0.03731613912244658,"standard_error":0.08139436737206647}}