{"mean":{"confidence_interval":{"confidence_level":0.95,"lower_bound":25.81728221360432,"upper_bound":25.862738004928097},"point_estimate":25.838901209236333,"standard_error":0.011574573732623081},"median":{"confidence_interval":{"confidence_level":0.95,"lower_bound":25.82127105865708,"upper_bound":25.866671641341103},"point_estimate":25.84301557339961,"standard_error":0.010628791371049235}}