{"mean":{"confidence_interval":{"confidence_level":0.95,"lower_bound":31.221657901872724,"upper_bound":36.33941336366831},"point_estimate":33.85752417125825,"standard_error":1.3093938384049826},"median":{"confidence_interval":{"confidence_level":0.95,"lower_bound":26.629760369268567,"upper_bound":33.5790434687085},"point_estimate":30.757459254071662,"standard_error":2.11188946034691}}