{"mean":{"confidence_interval":{"confidence_level":0.95,"lower_bound":-0.1152917262913466,"upper_bound":0.16506624424490085},"point_estimate":0.017650339930798564,"standard_error":0.07174019274000658},"median":{"confidence_interval":{"confidence_level":0.95,"lower_bound":-0.21443957105654265,"upper_bound":0.34226937670677526},"point_estimate":-0.008354257791038378,"standard_error":0.1463433572001538}}