{"mean":{"confidence_interval":{"confidence_level":0.95,"lower_bound":0.07216282423181342,"upper_bound":0.07544345935237029},"point_estimate":0.07382522455811569,"standard_error":0.0008406002284796103},"median":{"confidence_interval":{"confidence_level":0.95,"lower_bound":0.07191512746215323,"upper_bound":0.0757439669281692},"point_estimate":0.07372198724255652,"standard_error":0.0009571631798074784}}