{"mean":{"confidence_interval":{"confidence_level":0.95,"lower_bound":38.833579675262584,"upper_bound":38.94294942919165},"point_estimate":38.89033613435286,"standard_error":0.027901286814469392},"median":{"confidence_interval":{"confidence_level":0.95,"lower_bound":38.87018544952708,"upper_bound":38.97905021837078},"point_estimate":38.923151271945976,"standard_error":0.028274293340026718}}