{"mean":{"confidence_interval":{"confidence_level":0.95,"lower_bound":-0.07744115928322294,"upper_bound":0.05787428750032624},"point_estimate":-0.012845551513208986,"standard_error":0.03470085693040403},"median":{"confidence_interval":{"confidence_level":0.95,"lower_bound":-0.12217881009114095,"upper_bound":0.15904360709087095},"point_estimate":0.05991450499370998,"standard_error":0.07141906939775217}}