{"mean":{"confidence_interval":{"confidence_level":0.95,"lower_bound":0.13935810318240976,"upper_bound":0.14727434473162926},"point_estimate":0.14320857977462387,"standard_error":0.002041355641081609},"median":{"confidence_interval":{"confidence_level":0.95,"lower_bound":0.13474241253597774,"upper_bound":0.13857331068841017},"point_estimate":0.13609104115219095,"standard_error":0.0010247671204573364}}