{"mean":{"confidence_interval":{"confidence_level":0.95,"lower_bound":34.60585654966129,"upper_bound":35.231493893280515},"point_estimate":34.94844013480332,"standard_error":0.16381973006027822},"median":{"confidence_interval":{"confidence_level":0.95,"lower_bound":34.880336639994816,"upper_bound":35.71692563773611},"point_estimate":35.31082550987065,"standard_error":0.23211916442911626}}