{"mean":{"confidence_interval":{"confidence_level":0.95,"lower_bound":23.126859744392615,"upper_bound":28.148307082187824},"point_estimate":25.567155648671875,"standard_error":1.28962193234224},"median":{"confidence_interval":{"confidence_level":0.95,"lower_bound":18.17904693518014,"upper_bound":24.635644790692396},"point_estimate":21.31923773721638,"standard_error":1.594944430903085}}