{"mean":{"confidence_interval":{"confidence_level":0.95,"lower_bound":24.566258973377266,"upper_bound":29.1847717722254},"point_estimate":26.85424697104806,"standard_error":1.219001995851399},"median":{"confidence_interval":{"confidence_level":0.95,"lower_bound":20.103467556148,"upper_bound":28.13075384775423},"point_estimate":23.034686049058806,"standard_error":1.970216864113724}}