{"mean":{"confidence_interval":{"confidence_level":0.95,"lower_bound":1.7189089271060267,"upper_bound":1.7262596593749275},"point_estimate":1.7225156210281285,"standard_error":0.0018690176129840912},"median":{"confidence_interval":{"confidence_level":0.95,"lower_bound":1.712161539197523,"upper_bound":1.7190701648077114},"point_estimate":1.7140699587794022,"standard_error":0.0017102856202171036},"median_abs_dev":{"confidence_interval":{"confidence_level":0.95,"lower_bound":0.009807320857351705,"upper_bound":0.018577648656148762},"point_estimate":0.014294067412017615,"standard_error":0.0024839795360657455},"slope":{"confidence_interval":{"confidence_level":0.95,"lower_bound":1.7183531321628818,"upper_bound":1.7285792018405541},"point_estimate":1.72354744769429,"standard_error":0.002617294344015292},"std_dev":{"confidence_interval":{"confidence_level":0.95,"lower_bound":0.016106420949713485,"upper_bound":0.021071590120910606},"point_estimate":0.01878618527763072,"standard_error":0.001264640259764279}}