{"mean":{"confidence_interval":{"confidence_level":0.95,"lower_bound":-0.012074551840199826,"upper_bound":-0.010309216233748007},"point_estimate":-0.011191458398476795,"standard_error":0.00045038681448414744},"median":{"confidence_interval":{"confidence_level":0.95,"lower_bound":-0.011814678715885263,"upper_bound":-0.009675155714027883},"point_estimate":-0.010585460221409049,"standard_error":0.0005436993602222145}}