{"mean":{"confidence_interval":{"confidence_level":0.95,"lower_bound":48.22662708700978,"upper_bound":48.348754448185645},"point_estimate":48.28814980211518,"standard_error":0.031112765399846327},"median":{"confidence_interval":{"confidence_level":0.95,"lower_bound":48.22798005914949,"upper_bound":48.41639492943586},"point_estimate":48.31768246742354,"standard_error":0.04954946216572789}}