{"mean":{"confidence_interval":{"confidence_level":0.95,"lower_bound":368.7741750725828,"upper_bound":422.1117619065596},"point_estimate":395.19425506553785,"standard_error":13.590281230093936},"median":{"confidence_interval":{"confidence_level":0.95,"lower_bound":338.13558252427185,"upper_bound":436.80888256161313},"point_estimate":411.26410078594546,"standard_error":25.902775468001142},"median_abs_dev":{"confidence_interval":{"confidence_level":0.95,"lower_bound":87.75649407135501,"upper_bound":203.32372967388022},"point_estimate":167.9192255160839,"standard_error":29.58435295803623},"slope":{"confidence_interval":{"confidence_level":0.95,"lower_bound":352.75610499145205,"upper_bound":421.2512523842251},"point_estimate":385.942896495127,"standard_error":17.40269703712588},"std_dev":{"confidence_interval":{"confidence_level":0.95,"lower_bound":118.97811280533499,"upper_bound":151.36593877363114},"point_estimate":136.34981469087543,"standard_error":8.29172538659139}}