{"mean":{"confidence_interval":{"confidence_level":0.95,"lower_bound":0.05644491010004599,"upper_bound":0.05805664340049109},"point_estimate":0.05725105144035236,"standard_error":0.00041197706178021067},"median":{"confidence_interval":{"confidence_level":0.95,"lower_bound":0.05617122766198298,"upper_bound":0.058362907407847504},"point_estimate":0.057196290865238586,"standard_error":0.0005766267987369534}}