{"mean":{"confidence_interval":{"confidence_level":0.95,"lower_bound":33.99361082439016,"upper_bound":39.932263501380845},"point_estimate":36.70697163214113,"standard_error":1.4781358753818377},"median":{"confidence_interval":{"confidence_level":0.95,"lower_bound":31.798679100993297,"upper_bound":42.756585606080634},"point_estimate":35.70751125891788,"standard_error":2.594046759500347}}