{"mean":{"confidence_interval":{"confidence_level":0.95,"lower_bound":-0.27516250508565143,"upper_bound":-0.02703185743093771},"point_estimate":-0.16573465952708744,"standard_error":0.06345131804318413},"median":{"confidence_interval":{"confidence_level":0.95,"lower_bound":-0.1695219824258487,"upper_bound":0.07866633730051098},"point_estimate":-0.03673102280223983,"standard_error":0.06243306396246674}}