{"mean":{"confidence_interval":{"confidence_level":0.95,"lower_bound":85.09269357951224,"upper_bound":85.19521676375015},"point_estimate":85.14275171596533,"standard_error":0.02614630970742799},"median":{"confidence_interval":{"confidence_level":0.95,"lower_bound":84.97071675622259,"upper_bound":85.15956009511457},"point_estimate":85.03725346853751,"standard_error":0.04839415986416511},"median_abs_dev":{"confidence_interval":{"confidence_level":0.95,"lower_bound":0.1289159639888545,"upper_bound":0.32113073862923913},"point_estimate":0.2258126460673459,"standard_error":0.054761259310436426},"slope":{"confidence_interval":{"confidence_level":0.95,"lower_bound":84.94217851796908,"upper_bound":84.98620344310089},"point_estimate":84.96123880858961,"standard_error":0.011237187434817348},"std_dev":{"confidence_interval":{"confidence_level":0.95,"lower_bound":0.22465059265268963,"upper_bound":0.29536664113357025},"point_estimate":0.2627932698817463,"standard_error":0.01805259245798206}}