{"mean":{"confidence_interval":{"confidence_level":0.95,"lower_bound":32.81794361819211,"upper_bound":36.77090014610411},"point_estimate":34.64093899977448,"standard_error":0.9760929810899637},"median":{"confidence_interval":{"confidence_level":0.95,"lower_bound":28.87604236147834,"upper_bound":36.00489521620205},"point_estimate":31.516596291958713,"standard_error":1.8583688616960687}}