{"mean":{"confidence_interval":{"confidence_level":0.95,"lower_bound":3.1464532350646515,"upper_bound":3.149881684934532},"point_estimate":3.1481465125196344,"standard_error":0.0008740720827920549},"median":{"confidence_interval":{"confidence_level":0.95,"lower_bound":3.144828036918561,"upper_bound":3.1501446257925423},"point_estimate":3.1464800796145216,"standard_error":0.0014335515162192368},"median_abs_dev":{"confidence_interval":{"confidence_level":0.95,"lower_bound":0.007036556876674579,"upper_bound":0.011346630156469898},"point_estimate":0.00877738342156938,"standard_error":0.0011254284614708096},"slope":{"confidence_interval":{"confidence_level":0.95,"lower_bound":3.1419415728726188,"upper_bound":3.1459778404149463},"point_estimate":3.143753013423946,"standard_error":0.00102713721885513},"std_dev":{"confidence_interval":{"confidence_level":0.95,"lower_bound":0.00750276701670337,"upper_bound":0.009921969734316366},"point_estimate":0.008744072479596667,"standard_error":0.0006177875607914477}}