{"mean":{"confidence_interval":{"confidence_level":0.95,"lower_bound":52.527846719825725,"upper_bound":52.60622568400571},"point_estimate":52.56373899844513,"standard_error":0.020116733941355863},"median":{"confidence_interval":{"confidence_level":0.95,"lower_bound":52.46983577452286,"upper_bound":52.49935271489865},"point_estimate":52.48648375536603,"standard_error":0.007530649153156559},"median_abs_dev":{"confidence_interval":{"confidence_level":0.95,"lower_bound":0.03257790995757424,"upper_bound":0.07307479530319583},"point_estimate":0.052420734089317966,"standard_error":0.010168878425490503},"slope":{"confidence_interval":{"confidence_level":0.95,"lower_bound":52.492895199309665,"upper_bound":52.540946973326626},"point_estimate":52.514955979092555,"standard_error":0.012306617912579254},"std_dev":{"confidence_interval":{"confidence_level":0.95,"lower_bound":0.12308240934518522,"upper_bound":0.2855047565195508},"point_estimate":0.20236903903346765,"standard_error":0.045430937551606515}}