{"mean":{"confidence_interval":{"confidence_level":0.95,"lower_bound":1.4251090933824881,"upper_bound":1.4265909091362206},"point_estimate":1.4258379336113116,"standard_error":0.0003788577592288014},"median":{"confidence_interval":{"confidence_level":0.95,"lower_bound":1.4238896847917786,"upper_bound":1.4265651712992888},"point_estimate":1.4255338582524741,"standard_error":0.0006008153566811135},"median_abs_dev":{"confidence_interval":{"confidence_level":0.95,"lower_bound":0.003330675760140682,"upper_bound":0.005313251549713154},"point_estimate":0.004600320313227366,"standard_error":0.0004658250441285452},"slope":{"confidence_interval":{"confidence_level":0.95,"lower_bound":1.4226206712325082,"upper_bound":1.4235145573926782},"point_estimate":1.4230212165907616,"standard_error":0.00022738915455697476},"std_dev":{"confidence_interval":{"confidence_level":0.95,"lower_bound":0.00327851360080787,"upper_bound":0.00433518167544252},"point_estimate":0.0038126689517582473,"standard_error":0.00027146822089996203}}