{"mean":{"confidence_interval":{"confidence_level":0.95,"lower_bound":47.98821443815147,"upper_bound":54.529145513127695},"point_estimate":51.225539307088205,"standard_error":1.6949982930786238},"median":{"confidence_interval":{"confidence_level":0.95,"lower_bound":45.837762900477756,"upper_bound":56.96169070097713},"point_estimate":52.220034592879365,"standard_error":3.606361516969957}}