{"mean":{"confidence_interval":{"confidence_level":0.95,"lower_bound":3.50656494151504,"upper_bound":3.5107795674568503},"point_estimate":3.5086248393144195,"standard_error":0.001080921259374015},"median":{"confidence_interval":{"confidence_level":0.95,"lower_bound":3.502497895608494,"upper_bound":3.510567544983756},"point_estimate":3.5045826401490725,"standard_error":0.002124740080040537},"median_abs_dev":{"confidence_interval":{"confidence_level":0.95,"lower_bound":0.0070769574290041205,"upper_bound":0.013125500004056118},"point_estimate":0.009960330707194116,"standard_error":0.0015643267426968851},"slope":{"confidence_interval":{"confidence_level":0.95,"lower_bound":3.500495678077602,"upper_bound":3.5037330845739314},"point_estimate":3.501874665664192,"standard_error":0.0008311165390021258},"std_dev":{"confidence_interval":{"confidence_level":0.95,"lower_bound":0.009156103554239868,"upper_bound":0.012315409631936136},"point_estimate":0.01084736354480353,"standard_error":0.0008087648888731693}}