{"mean":{"confidence_interval":{"confidence_level":0.95,"lower_bound":72.89235628235805,"upper_bound":72.97984423728353},"point_estimate":72.93543710515992,"standard_error":0.022343615912232065},"median":{"confidence_interval":{"confidence_level":0.95,"lower_bound":72.8112336215048,"upper_bound":72.95457561945304},"point_estimate":72.85371882413128,"standard_error":0.037375603449671994},"median_abs_dev":{"confidence_interval":{"confidence_level":0.95,"lower_bound":0.170572278295583,"upper_bound":0.34198211650554655},"point_estimate":0.22371562286316551,"standard_error":0.04602601982811517},"slope":{"confidence_interval":{"confidence_level":0.95,"lower_bound":72.75750058374555,"upper_bound":72.8061065319367},"point_estimate":72.78037747209109,"standard_error":0.012440092354488739},"std_dev":{"confidence_interval":{"confidence_level":0.95,"lower_bound":0.2008135229540482,"upper_bound":0.2444094371943259},"point_estimate":0.22442219430642213,"standard_error":0.0110968704936156}}