{"mean":{"confidence_interval":{"confidence_level":0.95,"lower_bound":70.395723786861,"upper_bound":70.48473592764239},"point_estimate":70.44101248273506,"standard_error":0.0227232451277033},"median":{"confidence_interval":{"confidence_level":0.95,"lower_bound":70.3831999178982,"upper_bound":70.46678389498433},"point_estimate":70.42329040093048,"standard_error":0.021641114000550174},"median_abs_dev":{"confidence_interval":{"confidence_level":0.95,"lower_bound":0.12316858242489041,"upper_bound":0.22707722450213055},"point_estimate":0.15950621724859146,"standard_error":0.025288816903648717},"slope":{"confidence_interval":{"confidence_level":0.95,"lower_bound":70.35091578790322,"upper_bound":70.40595449359107},"point_estimate":70.37814823012795,"standard_error":0.014043635461739581},"std_dev":{"confidence_interval":{"confidence_level":0.95,"lower_bound":0.1794861207591086,"upper_bound":0.2835905582056331},"point_estimate":0.22870191190612021,"standard_error":0.027412409467179388}}