{"mean":{"confidence_interval":{"confidence_level":0.95,"lower_bound":4.049762082589001,"upper_bound":4.051565799998149},"point_estimate":4.050654615633167,"standard_error":0.0004622203689400571},"median":{"confidence_interval":{"confidence_level":0.95,"lower_bound":4.048804839439168,"upper_bound":4.0519414416771635},"point_estimate":4.050472556351828,"standard_error":0.0008373206665439955},"median_abs_dev":{"confidence_interval":{"confidence_level":0.95,"lower_bound":0.003567441880397201,"upper_bound":0.005550033312972306},"point_estimate":0.004169466806450531,"standard_error":0.0005005105074639539},"slope":{"confidence_interval":{"confidence_level":0.95,"lower_bound":4.047384562025734,"upper_bound":4.049420713584637},"point_estimate":4.048364292335592,"standard_error":0.0005192580023639997},"std_dev":{"confidence_interval":{"confidence_level":0.95,"lower_bound":0.003939289005956993,"upper_bound":0.005301709531687974},"point_estimate":0.00464864723207032,"standard_error":0.00034763410807746846}}