{"mean":{"confidence_interval":{"confidence_level":0.95,"lower_bound":-0.006081118444691399,"upper_bound":-0.004326318233611424},"point_estimate":-0.00518230511218698,"standard_error":0.00044701381171593856},"median":{"confidence_interval":{"confidence_level":0.95,"lower_bound":-0.007262982112267391,"upper_bound":-0.00329825758721769},"point_estimate":-0.004329445492787243,"standard_error":0.0009708924265045139}}