{"mean":{"confidence_interval":{"confidence_level":0.95,"lower_bound":35.72255954668476,"upper_bound":35.76343477729917},"point_estimate":35.742482190211916,"standard_error":0.010431884868037275},"median":{"confidence_interval":{"confidence_level":0.95,"lower_bound":35.71891968261001,"upper_bound":35.79964847532519},"point_estimate":35.75200263515187,"standard_error":0.022341841334355066}}