{"mean":{"confidence_interval":{"confidence_level":0.95,"lower_bound":-0.12499342786185115,"upper_bound":-0.12354385859315699},"point_estimate":-0.12423722397091275,"standard_error":0.00036870628126644585},"median":{"confidence_interval":{"confidence_level":0.95,"lower_bound":-0.12502105641810524,"upper_bound":-0.12331148513058685},"point_estimate":-0.12394473063559253,"standard_error":0.00042775734684832823}}