{"mean":{"confidence_interval":{"confidence_level":0.95,"lower_bound":4.70300150401817,"upper_bound":4.718605218672677},"point_estimate":4.710097069714631,"standard_error":0.003990039266442602},"median":{"confidence_interval":{"confidence_level":0.95,"lower_bound":4.698028633908622,"upper_bound":4.707366738839055},"point_estimate":4.702950612441947,"standard_error":0.0022749346359809716},"median_abs_dev":{"confidence_interval":{"confidence_level":0.95,"lower_bound":0.014663147824598469,"upper_bound":0.02461035703475846},"point_estimate":0.01883823456715485,"standard_error":0.002543344419823445},"slope":{"confidence_interval":{"confidence_level":0.95,"lower_bound":4.705110148134235,"upper_bound":4.718189156562952},"point_estimate":4.711045539594015,"standard_error":0.0033570840241033966},"std_dev":{"confidence_interval":{"confidence_level":0.95,"lower_bound":0.022569314123987397,"upper_bound":0.05697715795601504},"point_estimate":0.03995159974484819,"standard_error":0.009193927227989234}}