{"mean":{"confidence_interval":{"confidence_level":0.95,"lower_bound":44.210298130895744,"upper_bound":50.95602584795978},"point_estimate":47.422620928588124,"standard_error":1.703785296745166},"median":{"confidence_interval":{"confidence_level":0.95,"lower_bound":41.09707456211902,"upper_bound":53.47150511815302},"point_estimate":47.52631036910864,"standard_error":2.97340637833333}}