{"mean":{"confidence_interval":{"confidence_level":0.95,"lower_bound":-0.0011422527225829536,"upper_bound":0.0016083080735569855},"point_estimate":0.00025490654310678096,"standard_error":0.0007019494305087729},"median":{"confidence_interval":{"confidence_level":0.95,"lower_bound":-0.001607907140407594,"upper_bound":0.001525724542955853},"point_estimate":0.00026783992624745956,"standard_error":0.0008631968899181737}}