{"mean":{"confidence_interval":{"confidence_level":0.95,"lower_bound":-0.14963197851580973,"upper_bound":0.04572084930014833},"point_estimate":-0.05683907297841251,"standard_error":0.0507220775776314},"median":{"confidence_interval":{"confidence_level":0.95,"lower_bound":-0.25998706661821225,"upper_bound":0.03946684362941309},"point_estimate":-0.12915827741180952,"standard_error":0.07717899195131676}}