{"mean":{"confidence_interval":{"confidence_level":0.95,"lower_bound":0.002685705436226188,"upper_bound":0.004861462243741543},"point_estimate":0.0038990816018886765,"standard_error":0.0005572513764197775},"median":{"confidence_interval":{"confidence_level":0.95,"lower_bound":0.004128311878748958,"upper_bound":0.0054037619571411285},"point_estimate":0.004756974784087431,"standard_error":0.0003129937469926877}}