{"mean":{"confidence_interval":{"confidence_level":0.95,"lower_bound":38.248232512314154,"upper_bound":38.378858410654324},"point_estimate":38.311462129070705,"standard_error":0.033246665956920364},"median":{"confidence_interval":{"confidence_level":0.95,"lower_bound":38.24353907326575,"upper_bound":38.42487894346259},"point_estimate":38.32455561562968,"standard_error":0.04749692303445129}}