{"mean":{"confidence_interval":{"confidence_level":0.95,"lower_bound":1.4657075247550952,"upper_bound":1.4672423963002341},"point_estimate":1.466452940684499,"standard_error":0.00039183608789251353},"median":{"confidence_interval":{"confidence_level":0.95,"lower_bound":1.4642223148865194,"upper_bound":1.4658899161100334},"point_estimate":1.4651411225426108,"standard_error":0.000398394662961618},"median_abs_dev":{"confidence_interval":{"confidence_level":0.95,"lower_bound":0.001924088318409219,"upper_bound":0.003944275348215365},"point_estimate":0.0028843837512710275,"standard_error":0.0005040050141161697},"slope":{"confidence_interval":{"confidence_level":0.95,"lower_bound":1.4638001808673833,"upper_bound":1.4644363764870805},"point_estimate":1.4640918466484896,"standard_error":0.00016227689732494107},"std_dev":{"confidence_interval":{"confidence_level":0.95,"lower_bound":0.0032158737958196807,"upper_bound":0.00457195353688956},"point_estimate":0.003930662547239581,"standard_error":0.0003461270632173261}}