{"mean":{"confidence_interval":{"confidence_level":0.95,"lower_bound":24.8158803104371,"upper_bound":29.242919631805254},"point_estimate":26.853497630001176,"standard_error":1.128943407444039},"median":{"confidence_interval":{"confidence_level":0.95,"lower_bound":19.879065540552972,"upper_bound":29.943759041909193},"point_estimate":24.809572536004534,"standard_error":2.9063901396887144}}