{"mean":{"confidence_interval":{"confidence_level":0.95,"lower_bound":32.029984024955056,"upper_bound":38.44933206463719},"point_estimate":35.052444797114475,"standard_error":1.6398044058806203},"median":{"confidence_interval":{"confidence_level":0.95,"lower_bound":24.888359334070955,"upper_bound":33.38217570758012},"point_estimate":28.94747243328738,"standard_error":2.5005344589156233}}