{"mean":{"confidence_interval":{"confidence_level":0.95,"lower_bound":-0.09384495481384027,"upper_bound":-0.0898860829375988},"point_estimate":-0.09164137346098844,"standard_error":0.0010197325453506574},"median":{"confidence_interval":{"confidence_level":0.95,"lower_bound":-0.09126910378182396,"upper_bound":-0.0889445741376298},"point_estimate":-0.09092145247295891,"standard_error":0.0005328269883194915}}