{"mean":{"confidence_interval":{"confidence_level":0.95,"lower_bound":37.067590534152764,"upper_bound":37.13871948078043},"point_estimate":37.10173314497163,"standard_error":0.018262711053787867},"median":{"confidence_interval":{"confidence_level":0.95,"lower_bound":37.06605495948969,"upper_bound":37.17616322791256},"point_estimate":37.147493514414286,"standard_error":0.026103673626925922}}