{"mean":{"confidence_interval":{"confidence_level":0.95,"lower_bound":-0.02002687082365151,"upper_bound":-0.00648761739822559},"point_estimate":-0.013058903902541052,"standard_error":0.003447807177992601},"median":{"confidence_interval":{"confidence_level":0.95,"lower_bound":-0.0034774995752413496,"upper_bound":0.002121317846878412},"point_estimate":-0.0005347461893983052,"standard_error":0.001540736203195549}}