{"mean":{"confidence_interval":{"confidence_level":0.95,"lower_bound":-0.006402228631473755,"upper_bound":-0.004437772794025546},"point_estimate":-0.005384750304043617,"standard_error":0.0005033832919127784},"median":{"confidence_interval":{"confidence_level":0.95,"lower_bound":-0.005580521028857751,"upper_bound":-0.0035759423787617983},"point_estimate":-0.0044273854689508285,"standard_error":0.0005239896936396609}}