{"mean":{"confidence_interval":{"confidence_level":0.95,"lower_bound":27.371608442922764,"upper_bound":31.442721996329528},"point_estimate":29.216675061190276,"standard_error":1.0485631747434019},"median":{"confidence_interval":{"confidence_level":0.95,"lower_bound":26.0865340385398,"upper_bound":32.12781535109899},"point_estimate":28.358214611007174,"standard_error":1.6868713975299492}}