{"mean":{"confidence_interval":{"confidence_level":0.95,"lower_bound":36.95204876455481,"upper_bound":42.88532195297533},"point_estimate":39.961430855614864,"standard_error":1.5574082401189824},"median":{"confidence_interval":{"confidence_level":0.95,"lower_bound":31.705388182005294,"upper_bound":42.73309216173924},"point_estimate":35.9525121042868,"standard_error":3.223253203187257}}