{"mean":{"confidence_interval":{"confidence_level":0.95,"lower_bound":51.66391593418551,"upper_bound":57.95378353661883},"point_estimate":54.859174669562584,"standard_error":1.6407059626861504},"median":{"confidence_interval":{"confidence_level":0.95,"lower_bound":47.43281928158238,"upper_bound":57.82396537472879},"point_estimate":52.619506071182855,"standard_error":2.8360401003432805}}