{"mean":{"confidence_interval":{"confidence_level":0.95,"lower_bound":-0.0012661809019112928,"upper_bound":0.0012717370716527948},"point_estimate":0.00017468764260786251,"standard_error":0.0006571060394122094},"median":{"confidence_interval":{"confidence_level":0.95,"lower_bound":-0.0004231212506712323,"upper_bound":0.0007350149320440305},"point_estimate":-0.00007300538855614658,"standard_error":0.00029406349263447494}}