{"mean":{"confidence_interval":{"confidence_level":0.95,"lower_bound":-0.08786478210864632,"upper_bound":0.12454497101747058},"point_estimate":0.010558272990158768,"standard_error":0.05450293430554189},"median":{"confidence_interval":{"confidence_level":0.95,"lower_bound":-0.23847519658629102,"upper_bound":0.19442890665776713},"point_estimate":-0.0874501379228031,"standard_error":0.11061995019306357}}