{"mean":{"confidence_interval":{"confidence_level":0.95,"lower_bound":-0.007668439835249018,"upper_bound":-0.0067196870288072415},"point_estimate":-0.007191414916011163,"standard_error":0.00024279437608396332},"median":{"confidence_interval":{"confidence_level":0.95,"lower_bound":-0.006926635362657141,"upper_bound":-0.006331597440691339},"point_estimate":-0.006590848271398775,"standard_error":0.00016280001410974286}}