{"mean":{"confidence_interval":{"confidence_level":0.95,"lower_bound":27.850014706987714,"upper_bound":33.14808043085134},"point_estimate":30.317030311740037,"standard_error":1.3420472141313253},"median":{"confidence_interval":{"confidence_level":0.95,"lower_bound":22.512237338985464,"upper_bound":32.5997889561839},"point_estimate":28.811322966672364,"standard_error":2.9356908255758247}}