{"mean":{"confidence_interval":{"confidence_level":0.95,"lower_bound":41.573569028781016,"upper_bound":45.39714806221659},"point_estimate":43.30332322509113,"standard_error":1.014009693265036},"median":{"confidence_interval":{"confidence_level":0.95,"lower_bound":38.90111641596423,"upper_bound":45.34196992313418},"point_estimate":41.147453643590765,"standard_error":1.9158088448566177}}