{"mean":{"confidence_interval":{"confidence_level":0.95,"lower_bound":34.752980492021436,"upper_bound":35.05637669318135},"point_estimate":34.88705130928758,"standard_error":0.07796879902997958},"median":{"confidence_interval":{"confidence_level":0.95,"lower_bound":34.61985256634141,"upper_bound":34.71128430329459},"point_estimate":34.67050218717535,"standard_error":0.024115301240766548}}