{"mean":{"confidence_interval":{"confidence_level":0.95,"lower_bound":35.04679309986417,"upper_bound":38.38998735466385},"point_estimate":36.64848870213493,"standard_error":0.8517261334929328},"median":{"confidence_interval":{"confidence_level":0.95,"lower_bound":34.43050123984562,"upper_bound":38.36649303660926},"point_estimate":35.765501749560876,"standard_error":1.1341626776549492}}