{"mean":{"confidence_interval":{"confidence_level":0.95,"lower_bound":-0.05423023608029906,"upper_bound":-0.052053456394416},"point_estimate":-0.05310977488591562,"standard_error":0.0005560282797849837},"median":{"confidence_interval":{"confidence_level":0.95,"lower_bound":-0.05391572229908603,"upper_bound":-0.05088942320332612},"point_estimate":-0.05216056774631417,"standard_error":0.0007932327628804579}}