{"mean":{"confidence_interval":{"confidence_level":0.95,"lower_bound":0.5198364433572609,"upper_bound":0.520872374016411},"point_estimate":0.5203270176002576,"standard_error":0.00026471821426246367},"median":{"confidence_interval":{"confidence_level":0.95,"lower_bound":0.5196531246222759,"upper_bound":0.5202485618782002},"point_estimate":0.519854702483517,"standard_error":0.00015888209317527617},"median_abs_dev":{"confidence_interval":{"confidence_level":0.95,"lower_bound":0.0013284889739999628,"upper_bound":0.002394986016356754},"point_estimate":0.0019237986244342344,"standard_error":0.00027201106191738697},"slope":{"confidence_interval":{"confidence_level":0.95,"lower_bound":0.5190002958028712,"upper_bound":0.5197922942062818},"point_estimate":0.5193822489075955,"standard_error":0.00020231864966711153},"std_dev":{"confidence_interval":{"confidence_level":0.95,"lower_bound":0.0017829959465047584,"upper_bound":0.003489045739779239},"point_estimate":0.0026734430616209325,"standard_error":0.00044043161314886813}}