{"mean":{"confidence_interval":{"confidence_level":0.95,"lower_bound":0.0024850893632670183,"upper_bound":0.003820336652638645},"point_estimate":0.00315073889695916,"standard_error":0.00034485254514906},"median":{"confidence_interval":{"confidence_level":0.95,"lower_bound":0.0017726217805023037,"upper_bound":0.004540391386863796},"point_estimate":0.0031074117387499545,"standard_error":0.0007452792847256368}}