{"mean":{"confidence_interval":{"confidence_level":0.95,"lower_bound":243.10402268494207,"upper_bound":243.83382185461147},"point_estimate":243.4257719836082,"standard_error":0.18882476805650728},"median":{"confidence_interval":{"confidence_level":0.95,"lower_bound":242.91615637955363,"upper_bound":243.0686158161614},"point_estimate":242.96850654971433,"standard_error":0.03852633990709225},"median_abs_dev":{"confidence_interval":{"confidence_level":0.95,"lower_bound":0.19315840497439432,"upper_bound":0.33381690510498935},"point_estimate":0.24632598511860773,"standard_error":0.03326996912600207},"slope":{"confidence_interval":{"confidence_level":0.95,"lower_bound":242.97812954915688,"upper_bound":243.58724701166798},"point_estimate":243.1968467357828,"standard_error":0.16591867241273242},"std_dev":{"confidence_interval":{"confidence_level":0.95,"lower_bound":0.6189985185147768,"upper_bound":2.725919402373662},"point_estimate":1.899907757830318,"standard_error":0.5052149152777258}}