{"mean":{"confidence_interval":{"confidence_level":0.95,"lower_bound":8.72406827158857,"upper_bound":8.733814052667041},"point_estimate":8.728808037098565,"standard_error":0.002473731822027537},"median":{"confidence_interval":{"confidence_level":0.95,"lower_bound":8.718436062888205,"upper_bound":8.733284560653019},"point_estimate":8.724526888405713,"standard_error":0.00392765434642656},"median_abs_dev":{"confidence_interval":{"confidence_level":0.95,"lower_bound":0.018253461488287954,"upper_bound":0.028131863690598693},"point_estimate":0.022166876955601347,"standard_error":0.002627573012996507},"slope":{"confidence_interval":{"confidence_level":0.95,"lower_bound":8.722913983435031,"upper_bound":8.735186379630353},"point_estimate":8.72860101259793,"standard_error":0.0031482775079256166},"std_dev":{"confidence_interval":{"confidence_level":0.95,"lower_bound":0.020530349008336665,"upper_bound":0.028797534844816418},"point_estimate":0.0248615023784319,"standard_error":0.0021102084433236488}}