{"mean":{"confidence_interval":{"confidence_level":0.95,"lower_bound":-0.028174640432910632,"upper_bound":-0.02605439450911572},"point_estimate":-0.027112129207387703,"standard_error":0.0005348818675109369},"median":{"confidence_interval":{"confidence_level":0.95,"lower_bound":-0.02837969024509479,"upper_bound":-0.026690260816640943},"point_estimate":-0.027691246785359946,"standard_error":0.0003815471692485269}}