{"mean":{"confidence_interval":{"confidence_level":0.95,"lower_bound":39.614341176561716,"upper_bound":39.709389408490296},"point_estimate":39.66563325955553,"standard_error":0.02422942442034428},"median":{"confidence_interval":{"confidence_level":0.95,"lower_bound":39.66451554547129,"upper_bound":39.759514219715406},"point_estimate":39.7120262940223,"standard_error":0.025220449251914818}}