{"mean":{"confidence_interval":{"confidence_level":0.95,"lower_bound":289.46378376777136,"upper_bound":291.2135204233421},"point_estimate":290.34639322203014,"standard_error":0.445926504678328},"median":{"confidence_interval":{"confidence_level":0.95,"lower_bound":288.8712840593898,"upper_bound":291.92734521257205},"point_estimate":290.3068209323716,"standard_error":0.8149196335800732},"median_abs_dev":{"confidence_interval":{"confidence_level":0.95,"lower_bound":3.795143506641195,"upper_bound":5.829040156077396},"point_estimate":4.773309986491222,"standard_error":0.5263775704206928},"slope":{"confidence_interval":{"confidence_level":0.95,"lower_bound":288.8136814108615,"upper_bound":290.7328025016689},"point_estimate":289.7816722684827,"standard_error":0.49141103767309224},"std_dev":{"confidence_interval":{"confidence_level":0.95,"lower_bound":3.827551765860212,"upper_bound":5.087995978549985},"point_estimate":4.481973217243888,"standard_error":0.3213531701344253}}