{"mean":{"confidence_interval":{"confidence_level":0.95,"lower_bound":0.041703877526220436,"upper_bound":0.043110450137860704},"point_estimate":0.0424122100627784,"standard_error":0.0003584712324438464},"median":{"confidence_interval":{"confidence_level":0.95,"lower_bound":0.040732238967060574,"upper_bound":0.042838457467039515},"point_estimate":0.04172980525042558,"standard_error":0.0005268681380654911}}