{"mean":{"confidence_interval":{"confidence_level":0.95,"lower_bound":-0.07043531157056018,"upper_bound":0.23344552393615747},"point_estimate":0.0711373133303439,"standard_error":0.0776198932882938},"median":{"confidence_interval":{"confidence_level":0.95,"lower_bound":-0.011228753463259689,"upper_bound":0.31859469054855416},"point_estimate":0.09324801602930943,"standard_error":0.0885235484560601}}