{"mean":{"confidence_interval":{"confidence_level":0.95,"lower_bound":-0.021095527341030096,"upper_bound":-0.01661065859147314},"point_estimate":-0.018501955498769762,"standard_error":0.0011571792732698253},"median":{"confidence_interval":{"confidence_level":0.95,"lower_bound":-0.01802695795021264,"upper_bound":-0.014786043263959492},"point_estimate":-0.016471971883446845,"standard_error":0.0008472718814576105}}