{"mean":{"confidence_interval":{"confidence_level":0.95,"lower_bound":51.3317969299092,"upper_bound":51.40871298979667},"point_estimate":51.36861053511344,"standard_error":0.01963148406442839},"median":{"confidence_interval":{"confidence_level":0.95,"lower_bound":51.29657851936631,"upper_bound":51.36646761435168},"point_estimate":51.323947414164245,"standard_error":0.018150006558387454},"median_abs_dev":{"confidence_interval":{"confidence_level":0.95,"lower_bound":0.11380504286765313,"upper_bound":0.20688594230987173},"point_estimate":0.14779201420913382,"standard_error":0.023538526916216294},"slope":{"confidence_interval":{"confidence_level":0.95,"lower_bound":51.272710843855926,"upper_bound":51.36878757557742},"point_estimate":51.311460863263946,"standard_error":0.025185973884114754},"std_dev":{"confidence_interval":{"confidence_level":0.95,"lower_bound":0.14959322379057183,"upper_bound":0.24305807025831772},"point_estimate":0.1970394081373462,"standard_error":0.024051661306399314}}