{"mean":{"confidence_interval":{"confidence_level":0.95,"lower_bound":1472.4640878705704,"upper_bound":1580.4933768856497},"point_estimate":1524.546895812252,"standard_error":27.62600748733947},"median":{"confidence_interval":{"confidence_level":0.95,"lower_bound":1350.089656259855,"upper_bound":1501.6024597918638},"point_estimate":1432.0982821536927,"standard_error":42.14893505792293},"median_abs_dev":{"confidence_interval":{"confidence_level":0.95,"lower_bound":112.89666028037884,"upper_bound":288.88983711495837},"point_estimate":209.6974269121505,"standard_error":48.48419606711016},"slope":{"confidence_interval":{"confidence_level":0.95,"lower_bound":1436.8307331143403,"upper_bound":1564.6791411600345},"point_estimate":1497.5500545792447,"standard_error":32.66377798629835},"std_dev":{"confidence_interval":{"confidence_level":0.95,"lower_bound":228.9617654044887,"upper_bound":318.8269936372064},"point_estimate":278.0891129030113,"standard_error":22.95086697578221}}