{"mean":{"confidence_interval":{"confidence_level":0.95,"lower_bound":30.25434747454672,"upper_bound":34.86937375356412},"point_estimate":32.47198077640176,"standard_error":1.184368989942225},"median":{"confidence_interval":{"confidence_level":0.95,"lower_bound":25.72360545837582,"upper_bound":35.6920014862403},"point_estimate":32.160887294371676,"standard_error":2.826845988844099}}