{"mean":{"confidence_interval":{"confidence_level":0.95,"lower_bound":-0.07051851767691092,"upper_bound":-0.06693366504509726},"point_estimate":-0.06848178145466255,"standard_error":0.0009305919745422672},"median":{"confidence_interval":{"confidence_level":0.95,"lower_bound":-0.06928291676980353,"upper_bound":-0.06593159983712724},"point_estimate":-0.06755031192155903,"standard_error":0.0008939029423318433}}