{"mean":{"confidence_interval":{"confidence_level":0.95,"lower_bound":0.0062411259285747945,"upper_bound":0.3249026636935336},"point_estimate":0.1568617923299005,"standard_error":0.08139471231381026},"median":{"confidence_interval":{"confidence_level":0.95,"lower_bound":-0.11851742715528646,"upper_bound":0.26874860026249237},"point_estimate":0.07027633818226575,"standard_error":0.09801586463983583}}