{"mean":{"confidence_interval":{"confidence_level":0.95,"lower_bound":-0.061616600280471334,"upper_bound":0.1113104205282844},"point_estimate":0.018467453524753763,"standard_error":0.0443715551596536},"median":{"confidence_interval":{"confidence_level":0.95,"lower_bound":-0.12140318627174827,"upper_bound":0.13901143654940262},"point_estimate":-0.01571038589496021,"standard_error":0.06387803820969333}}