{"mean":{"confidence_interval":{"confidence_level":0.95,"lower_bound":414.12147840567286,"upper_bound":479.14724353186483},"point_estimate":446.39507938942734,"standard_error":16.59162222362926},"median":{"confidence_interval":{"confidence_level":0.95,"lower_bound":353.07805883098774,"upper_bound":473.53608333786156},"point_estimate":399.9964735748342,"standard_error":32.671604514610756},"median_abs_dev":{"confidence_interval":{"confidence_level":0.95,"lower_bound":132.62743816051142,"upper_bound":259.1367402197243},"point_estimate":196.05029195780605,"standard_error":33.345122459168124},"slope":{"confidence_interval":{"confidence_level":0.95,"lower_bound":382.9888205722431,"upper_bound":456.36206076925555},"point_estimate":418.12840139169106,"standard_error":18.77529715335078},"std_dev":{"confidence_interval":{"confidence_level":0.95,"lower_bound":152.1469199858207,"upper_bound":178.80828464244837},"point_estimate":167.21282966245371,"standard_error":6.794316041514632}}