{"mean":{"confidence_interval":{"confidence_level":0.95,"lower_bound":5.057494709932252,"upper_bound":5.0588290893672605},"point_estimate":5.058146845792815,"standard_error":0.0003405226221213826},"median":{"confidence_interval":{"confidence_level":0.95,"lower_bound":5.056841035921089,"upper_bound":5.058424897473137},"point_estimate":5.057290888110241,"standard_error":0.00039858240344684215},"median_abs_dev":{"confidence_interval":{"confidence_level":0.95,"lower_bound":0.0024059312363208974,"upper_bound":0.003744010152244434},"point_estimate":0.00308353805626997,"standard_error":0.00032581498902738647},"slope":{"confidence_interval":{"confidence_level":0.95,"lower_bound":5.057253308156752,"upper_bound":5.058662591582233},"point_estimate":5.057927448575118,"standard_error":0.00035853561866287456},"std_dev":{"confidence_interval":{"confidence_level":0.95,"lower_bound":0.0028131070691307008,"upper_bound":0.0039757631378419785},"point_estimate":0.003422886595868245,"standard_error":0.0002962184390522898}}