{"mean":{"confidence_interval":{"confidence_level":0.95,"lower_bound":-0.0013553451327109026,"upper_bound":0.002135996918493763},"point_estimate":0.0005636830832347339,"standard_error":0.0008933405953289803},"median":{"confidence_interval":{"confidence_level":0.95,"lower_bound":0.000775927851207836,"upper_bound":0.0039047315014175688},"point_estimate":0.0028870257168385205,"standard_error":0.0008172198342475296}}