{"mean":{"confidence_interval":{"confidence_level":0.95,"lower_bound":0.04193402649720077,"upper_bound":0.04705443386729065},"point_estimate":0.04421320498764003,"standard_error":0.0012610468787944474},"median":{"confidence_interval":{"confidence_level":0.95,"lower_bound":0.041344050006255406,"upper_bound":0.0441022468538943},"point_estimate":0.04241363493685446,"standard_error":0.0006806450743610458}}