{"mean":{"confidence_interval":{"confidence_level":0.95,"lower_bound":304.98910405887375,"upper_bound":326.86162163158565},"point_estimate":315.8567567668312,"standard_error":5.601203649693564},"median":{"confidence_interval":{"confidence_level":0.95,"lower_bound":297.7738685973633,"upper_bound":335.0111066012324},"point_estimate":310.5738381403719,"standard_error":9.055517629906493},"median_abs_dev":{"confidence_interval":{"confidence_level":0.95,"lower_bound":54.91809439190512,"upper_bound":93.191714440782},"point_estimate":80.56232065921685,"standard_error":10.153604349886276},"slope":{"confidence_interval":{"confidence_level":0.95,"lower_bound":305.81277409367425,"upper_bound":335.110131148015},"point_estimate":320.46324126137637,"standard_error":7.466570369574126},"std_dev":{"confidence_interval":{"confidence_level":0.95,"lower_bound":51.274085406662714,"upper_bound":60.43740752907503},"point_estimate":56.298111815505145,"standard_error":2.337054589611946}}