{"mean":{"confidence_interval":{"confidence_level":0.95,"lower_bound":26.77452907050045,"upper_bound":26.81921424112781},"point_estimate":26.79735081755692,"standard_error":0.011411945926086006},"median":{"confidence_interval":{"confidence_level":0.95,"lower_bound":26.767893099730472,"upper_bound":26.81036386661385},"point_estimate":26.79089319487104,"standard_error":0.01205887536776048}}