{"mean":{"confidence_interval":{"confidence_level":0.95,"lower_bound":35.27710636160523,"upper_bound":35.361683892677995},"point_estimate":35.320338638392414,"standard_error":0.021627503986931248},"median":{"confidence_interval":{"confidence_level":0.95,"lower_bound":35.267197037848106,"upper_bound":35.36935559944317},"point_estimate":35.33014445289296,"standard_error":0.026370899088450857}}