{"mean":{"confidence_interval":{"confidence_level":0.95,"lower_bound":36.45000672151056,"upper_bound":36.61705501053752},"point_estimate":36.53262134859809,"standard_error":0.042566896762856146},"median":{"confidence_interval":{"confidence_level":0.95,"lower_bound":36.47642897311353,"upper_bound":36.71188141092486},"point_estimate":36.63835256430738,"standard_error":0.057089182884264365}}