{"mean":{"confidence_interval":{"confidence_level":0.95,"lower_bound":515.553729900613,"upper_bound":557.2482624068648},"point_estimate":535.7275385718028,"standard_error":10.635950330360899},"median":{"confidence_interval":{"confidence_level":0.95,"lower_bound":472.5958359432091,"upper_bound":524.9286554869079},"point_estimate":499.2117387168722,"standard_error":12.200750108681827},"median_abs_dev":{"confidence_interval":{"confidence_level":0.95,"lower_bound":47.43368721783944,"upper_bound":105.36874052893378},"point_estimate":83.13282301460752,"standard_error":14.96790164911297},"slope":{"confidence_interval":{"confidence_level":0.95,"lower_bound":531.4297575512048,"upper_bound":590.1108763167128},"point_estimate":560.5179572410943,"standard_error":14.962894444236492},"std_dev":{"confidence_interval":{"confidence_level":0.95,"lower_bound":87.14293033855857,"upper_bound":123.9124360412842},"point_estimate":106.42013577091475,"standard_error":9.389677845602998}}