{"mean":{"confidence_interval":{"confidence_level":0.95,"lower_bound":25.238911651903226,"upper_bound":30.0133932008595},"point_estimate":27.40655197073717,"standard_error":1.1677209232368413},"median":{"confidence_interval":{"confidence_level":0.95,"lower_bound":19.483151155728418,"upper_bound":29.12156056387008},"point_estimate":22.083616891427404,"standard_error":2.4151657550653574}}