{"mean":{"confidence_interval":{"confidence_level":0.95,"lower_bound":0.01350219631340055,"upper_bound":0.015103845127166149},"point_estimate":0.014285580916325147,"standard_error":0.00041094133211673175},"median":{"confidence_interval":{"confidence_level":0.95,"lower_bound":0.013686421080939093,"upper_bound":0.014955706523817947},"point_estimate":0.014231354836621746,"standard_error":0.00032834970492305696}}