{"mean":{"confidence_interval":{"confidence_level":0.95,"lower_bound":97.35487067813486,"upper_bound":98.47710934995261},"point_estimate":97.88608054177632,"standard_error":0.2871540619473259},"median":{"confidence_interval":{"confidence_level":0.95,"lower_bound":96.65372524752475,"upper_bound":96.91636757425742},"point_estimate":96.79293110561056,"standard_error":0.06299849718640638},"median_abs_dev":{"confidence_interval":{"confidence_level":0.95,"lower_bound":0.3519262471593758,"upper_bound":0.6676745859186926},"point_estimate":0.5134293955616969,"standard_error":0.08411916875035294},"slope":{"confidence_interval":{"confidence_level":0.95,"lower_bound":96.91989296740617,"upper_bound":98.39748767101364},"point_estimate":97.58402190010636,"standard_error":0.38168781008587627},"std_dev":{"confidence_interval":{"confidence_level":0.95,"lower_bound":2.1107415822836377,"upper_bound":3.493722345276157},"point_estimate":2.8962826905053527,"standard_error":0.3480796848642447}}