{"mean":{"confidence_interval":{"confidence_level":0.95,"lower_bound":-0.04664807706301961,"upper_bound":0.15394883729219727},"point_estimate":0.049456058746107256,"standard_error":0.051100625104134885},"median":{"confidence_interval":{"confidence_level":0.95,"lower_bound":-0.08262058448120708,"upper_bound":0.2895417451350475},"point_estimate":0.12735619291629696,"standard_error":0.09484151757863972}}