{"mean":{"confidence_interval":{"confidence_level":0.95,"lower_bound":532.3264905677657,"upper_bound":630.2400340812651},"point_estimate":580.4063872646173,"standard_error":25.013114691322357},"median":{"confidence_interval":{"confidence_level":0.95,"lower_bound":470.82261700648746,"upper_bound":566.2426506024096},"point_estimate":525.233381571774,"standard_error":27.81941818492242},"median_abs_dev":{"confidence_interval":{"confidence_level":0.95,"lower_bound":201.402492695055,"upper_bound":337.6251579771595},"point_estimate":279.6649119749542,"standard_error":35.848255745113995},"slope":{"confidence_interval":{"confidence_level":0.95,"lower_bound":518.131484215294,"upper_bound":641.1217173500931},"point_estimate":578.8131550953333,"standard_error":31.542156527331272},"std_dev":{"confidence_interval":{"confidence_level":0.95,"lower_bound":223.73297656476936,"upper_bound":272.1378382158747},"point_estimate":251.14151782020312,"standard_error":12.34457363561142}}