{"mean":{"confidence_interval":{"confidence_level":0.95,"lower_bound":1272.6196095292041,"upper_bound":1362.2850880933997},"point_estimate":1316.3688868083054,"standard_error":22.91758335103511},"median":{"confidence_interval":{"confidence_level":0.95,"lower_bound":1202.451289027076,"upper_bound":1265.5705093099673},"point_estimate":1227.463513143483,"standard_error":15.446541603806962},"median_abs_dev":{"confidence_interval":{"confidence_level":0.95,"lower_bound":115.29922523441299,"upper_bound":219.10700048898198},"point_estimate":166.8296155945482,"standard_error":24.369919310323993},"slope":{"confidence_interval":{"confidence_level":0.95,"lower_bound":1249.9034115681397,"upper_bound":1372.4378356727195},"point_estimate":1307.5571434904684,"standard_error":31.435455998594243},"std_dev":{"confidence_interval":{"confidence_level":0.95,"lower_bound":189.56634606289455,"upper_bound":265.1628346235285},"point_estimate":230.54280628805876,"standard_error":19.314052145599266}}