{"mean":{"confidence_interval":{"confidence_level":0.95,"lower_bound":35.273854716129925,"upper_bound":38.62505191537927},"point_estimate":36.96794416575873,"standard_error":0.8806808391849585},"median":{"confidence_interval":{"confidence_level":0.95,"lower_bound":31.35939291701235,"upper_bound":39.02389646582645},"point_estimate":35.16455680386236,"standard_error":1.9706767029403762}}