{"mean":{"confidence_interval":{"confidence_level":0.95,"lower_bound":45.164660297813214,"upper_bound":51.82297351230249},"point_estimate":48.121766498358234,"standard_error":1.737752060804753},"median":{"confidence_interval":{"confidence_level":0.95,"lower_bound":40.390537477591934,"upper_bound":52.98197148115494},"point_estimate":47.225662852232695,"standard_error":3.5620229979412845}}