{"mean":{"confidence_interval":{"confidence_level":0.95,"lower_bound":68.65824731750565,"upper_bound":68.73747651795867},"point_estimate":68.69761098640925,"standard_error":0.020221765343938453},"median":{"confidence_interval":{"confidence_level":0.95,"lower_bound":68.60992605493335,"upper_bound":68.73414326582851},"point_estimate":68.65598349138295,"standard_error":0.028982967517647864},"median_abs_dev":{"confidence_interval":{"confidence_level":0.95,"lower_bound":0.17114294679987482,"upper_bound":0.26034294594152596},"point_estimate":0.2228451118899639,"standard_error":0.022334880062895496},"slope":{"confidence_interval":{"confidence_level":0.95,"lower_bound":68.52353472612424,"upper_bound":68.57918095896937},"point_estimate":68.54988594288274,"standard_error":0.014139976552542309},"std_dev":{"confidence_interval":{"confidence_level":0.95,"lower_bound":0.17725984782094112,"upper_bound":0.22507977213293495},"point_estimate":0.20276164665840635,"standard_error":0.012147624079110405}}