{"mean":{"confidence_interval":{"confidence_level":0.95,"lower_bound":150.58182306289308,"upper_bound":153.78534418239207},"point_estimate":151.97981264633756,"standard_error":0.8174830762657411},"median":{"confidence_interval":{"confidence_level":0.95,"lower_bound":150.61742771821372,"upper_bound":150.82292132290337},"point_estimate":150.71650456822871,"standard_error":0.05934484493221009},"median_abs_dev":{"confidence_interval":{"confidence_level":0.95,"lower_bound":0.4089914448907893,"upper_bound":0.7542826679295198},"point_estimate":0.594662363180018,"standard_error":0.085330147446525},"slope":{"confidence_interval":{"confidence_level":0.95,"lower_bound":150.61223223741183,"upper_bound":151.08413298442548},"point_estimate":150.83230737855052,"standard_error":0.11971360067917977},"std_dev":{"confidence_interval":{"confidence_level":0.95,"lower_bound":0.7797390133311564,"upper_bound":12.349475206744986},"point_estimate":8.211793129084967,"standard_error":2.684509076874463}}