{"mean":{"confidence_interval":{"confidence_level":0.95,"lower_bound":0.10634001428369315,"upper_bound":0.10911644862956599},"point_estimate":0.10763649082283533,"standard_error":0.000713557312422184},"median":{"confidence_interval":{"confidence_level":0.95,"lower_bound":0.10612279600179142,"upper_bound":0.10881358982343414},"point_estimate":0.10753516132833041,"standard_error":0.0007116574784163237}}