{"mean":{"confidence_interval":{"confidence_level":0.95,"lower_bound":0.0033594709006660953,"upper_bound":0.006733282145525837},"point_estimate":0.0052595490055178384,"standard_error":0.0008679495415827222},"median":{"confidence_interval":{"confidence_level":0.95,"lower_bound":0.004414481882746513,"upper_bound":0.006211438337352826},"point_estimate":0.005415267629747422,"standard_error":0.00048136416727365025}}