{"mean":{"confidence_interval":{"confidence_level":0.95,"lower_bound":32.43697287346805,"upper_bound":32.581062720929694},"point_estimate":32.50091502517292,"standard_error":0.03854486192241323},"median":{"confidence_interval":{"confidence_level":0.95,"lower_bound":32.3852407568451,"upper_bound":32.50586420768427},"point_estimate":32.449133509281275,"standard_error":0.03291182394762252}}