{"mean":{"confidence_interval":{"confidence_level":0.95,"lower_bound":0.005829687335282047,"upper_bound":0.009167674430776934},"point_estimate":0.007447873238183078,"standard_error":0.0008520974182094594},"median":{"confidence_interval":{"confidence_level":0.95,"lower_bound":0.0058195124659106146,"upper_bound":0.008704234490398921},"point_estimate":0.007368985709910847,"standard_error":0.000716212054997979}}