{"mean":{"confidence_interval":{"confidence_level":0.95,"lower_bound":3.0773015243928046,"upper_bound":3.0837887294873636},"point_estimate":3.0804875537423584,"standard_error":0.0016545894158680572},"median":{"confidence_interval":{"confidence_level":0.95,"lower_bound":3.0740914467436147,"upper_bound":3.080169486609255},"point_estimate":3.076550893702426,"standard_error":0.0014148230918047534},"median_abs_dev":{"confidence_interval":{"confidence_level":0.95,"lower_bound":0.00846794656338925,"upper_bound":0.015854556269873785},"point_estimate":0.011304461750408081,"standard_error":0.0019364479123384105},"slope":{"confidence_interval":{"confidence_level":0.95,"lower_bound":3.072004445308492,"upper_bound":3.075899571154166},"point_estimate":3.0739252912406223,"standard_error":0.000992158070463671},"std_dev":{"confidence_interval":{"confidence_level":0.95,"lower_bound":0.013833774914549011,"upper_bound":0.01903238078632801},"point_estimate":0.016608705392057024,"standard_error":0.001329712844872062}}