{"mean":{"confidence_interval":{"confidence_level":0.95,"lower_bound":23.093222042393197,"upper_bound":29.240554300066822},"point_estimate":26.730619587828294,"standard_error":1.5417412450951549},"median":{"confidence_interval":{"confidence_level":0.95,"lower_bound":17.139712050884004,"upper_bound":29.3758653073775},"point_estimate":21.143511104924663,"standard_error":3.281012346411881}}