{"mean":{"confidence_interval":{"confidence_level":0.95,"lower_bound":-0.005747225367228104,"upper_bound":-0.003560275784514584},"point_estimate":-0.004632190746904907,"standard_error":0.0005537123392873268},"median":{"confidence_interval":{"confidence_level":0.95,"lower_bound":-0.005545393549163058,"upper_bound":-0.0029960810281560724},"point_estimate":-0.004116268449539828,"standard_error":0.000631097312262599}}