{"mean":{"confidence_interval":{"confidence_level":0.95,"lower_bound":-0.03534138367980806,"upper_bound":0.23230247321334146},"point_estimate":0.09121725552278481,"standard_error":0.0674223663145554},"median":{"confidence_interval":{"confidence_level":0.95,"lower_bound":-0.14663233980654855,"upper_bound":0.32396442414074755},"point_estimate":0.05870808297936558,"standard_error":0.11634325507968102}}