{"mean":{"confidence_interval":{"confidence_level":0.95,"lower_bound":24.87739945435451,"upper_bound":30.222502198142852},"point_estimate":27.54427818590729,"standard_error":1.4180037846521283},"median":{"confidence_interval":{"confidence_level":0.95,"lower_bound":19.63763853266324,"upper_bound":29.023151648657695},"point_estimate":24.013963735528986,"standard_error":2.398077445562407}}