{"mean":{"confidence_interval":{"confidence_level":0.95,"lower_bound":-0.044343186275318754,"upper_bound":-0.04251145903130493},"point_estimate":-0.043442606069021505,"standard_error":0.00046658353998995435},"median":{"confidence_interval":{"confidence_level":0.95,"lower_bound":-0.04475409379777395,"upper_bound":-0.042320257711548015},"point_estimate":-0.04399785503756548,"standard_error":0.0006004703384972446}}