{"mean":{"confidence_interval":{"confidence_level":0.95,"lower_bound":75.3791674147174,"upper_bound":75.63197797985114},"point_estimate":75.48389709227223,"standard_error":0.06584575251548312},"median":{"confidence_interval":{"confidence_level":0.95,"lower_bound":75.32082218506132,"upper_bound":75.43430521091811},"point_estimate":75.36620281727457,"standard_error":0.02698368685871302},"median_abs_dev":{"confidence_interval":{"confidence_level":0.95,"lower_bound":0.183884915684729,"upper_bound":0.3174534551500387},"point_estimate":0.2531591299928827,"standard_error":0.03478520941586195},"slope":{"confidence_interval":{"confidence_level":0.95,"lower_bound":75.29390991503462,"upper_bound":75.89901796398165},"point_estimate":75.52153364631526,"standard_error":0.16457276283796407},"std_dev":{"confidence_interval":{"confidence_level":0.95,"lower_bound":0.26061710581786257,"upper_bound":1.0531358738398693},"point_estimate":0.6628640111833288,"standard_error":0.24976990081298012}}