{"mean":{"confidence_interval":{"confidence_level":0.95,"lower_bound":229.0513314404256,"upper_bound":285.0242207779007},"point_estimate":255.38423351307097,"standard_error":14.278857127205645},"median":{"confidence_interval":{"confidence_level":0.95,"lower_bound":184.02055800293687,"upper_bound":220.09251101321587},"point_estimate":193.86801471214,"standard_error":9.26054336138806},"median_abs_dev":{"confidence_interval":{"confidence_level":0.95,"lower_bound":38.6632920373088,"upper_bound":86.52711559910482},"point_estimate":54.875386661085265,"standard_error":12.285944135086845},"slope":{"confidence_interval":{"confidence_level":0.95,"lower_bound":212.9305214853052,"upper_bound":284.0811351200503},"point_estimate":243.33107486079004,"standard_error":18.447754151473088},"std_dev":{"confidence_interval":{"confidence_level":0.95,"lower_bound":102.27117938852491,"upper_bound":177.4893918919939},"point_estimate":143.4745468000107,"standard_error":19.230127065476506}}