{"mean":{"confidence_interval":{"confidence_level":0.95,"lower_bound":50.18083785151785,"upper_bound":50.445025675985235},"point_estimate":50.29642925254036,"standard_error":0.06800744801911182},"median":{"confidence_interval":{"confidence_level":0.95,"lower_bound":50.1152961269196,"upper_bound":50.19509654471545},"point_estimate":50.14392416342642,"standard_error":0.01916803383275211},"median_abs_dev":{"confidence_interval":{"confidence_level":0.95,"lower_bound":0.08772993188412709,"upper_bound":0.13527508894143003},"point_estimate":0.11488856635254277,"standard_error":0.011718728516636245},"slope":{"confidence_interval":{"confidence_level":0.95,"lower_bound":50.153410173183865,"upper_bound":50.4170739312206},"point_estimate":50.268046308544214,"standard_error":0.06782468006649471},"std_dev":{"confidence_interval":{"confidence_level":0.95,"lower_bound":0.2844154167280711,"upper_bound":1.0101798842273508},"point_estimate":0.6854863216805643,"standard_error":0.18953376831237378}}