{"mean":{"confidence_interval":{"confidence_level":0.95,"lower_bound":29.833644334532266,"upper_bound":35.62777066042779},"point_estimate":32.65627153674021,"standard_error":1.4186238618869507},"median":{"confidence_interval":{"confidence_level":0.95,"lower_bound":24.65980000754866,"upper_bound":34.21230886446849},"point_estimate":27.897865444882168,"standard_error":2.6841987754202967}}