{"mean":{"confidence_interval":{"confidence_level":0.95,"lower_bound":36.46137000604254,"upper_bound":36.65434169490675},"point_estimate":36.55564288504767,"standard_error":0.0491517610313765},"median":{"confidence_interval":{"confidence_level":0.95,"lower_bound":36.461184520591814,"upper_bound":36.654657465753516},"point_estimate":36.56150889711617,"standard_error":0.04744219752429836}}