{"mean":{"confidence_interval":{"confidence_level":0.95,"lower_bound":0.2670432049338184,"upper_bound":0.27381039770773963},"point_estimate":0.2698987134472297,"standard_error":0.0017235614402750891},"median":{"confidence_interval":{"confidence_level":0.95,"lower_bound":0.2643482936046808,"upper_bound":0.26945109013909985},"point_estimate":0.2664293933676123,"standard_error":0.0011940383392925467}}