{"mean":{"confidence_interval":{"confidence_level":0.95,"lower_bound":73.2688943472664,"upper_bound":73.38459117818807},"point_estimate":73.32206032139771,"standard_error":0.029503917803106763},"median":{"confidence_interval":{"confidence_level":0.95,"lower_bound":73.18503017993535,"upper_bound":73.34270128510826},"point_estimate":73.23235029574056,"standard_error":0.04176468782895875},"median_abs_dev":{"confidence_interval":{"confidence_level":0.95,"lower_bound":0.1581543417869636,"upper_bound":0.2772843055677723},"point_estimate":0.21304478133400068,"standard_error":0.02904556333520409},"slope":{"confidence_interval":{"confidence_level":0.95,"lower_bound":73.1293404993921,"upper_bound":73.17815189898081},"point_estimate":73.15177162616713,"standard_error":0.012438516585115186},"std_dev":{"confidence_interval":{"confidence_level":0.95,"lower_bound":0.19446201388900558,"upper_bound":0.4114412343569748},"point_estimate":0.2956437462662657,"standard_error":0.06323083559683657}}