{"mean":{"confidence_interval":{"confidence_level":0.95,"lower_bound":294.91834879336136,"upper_bound":333.04719187880556},"point_estimate":313.0602521031031,"standard_error":9.756799803348306},"median":{"confidence_interval":{"confidence_level":0.95,"lower_bound":264.7094714217383,"upper_bound":284.5281030444965},"point_estimate":270.67606061970815,"standard_error":4.7518516544709986},"median_abs_dev":{"confidence_interval":{"confidence_level":0.95,"lower_bound":25.2804265604007,"upper_bound":49.94155837684739},"point_estimate":33.88269633020842,"standard_error":6.378029137406004},"slope":{"confidence_interval":{"confidence_level":0.95,"lower_bound":290.5077742981077,"upper_bound":345.48674861369165},"point_estimate":315.75233986120134,"standard_error":14.078112685851236},"std_dev":{"confidence_interval":{"confidence_level":0.95,"lower_bound":73.0559592291208,"upper_bound":119.06916976295098},"point_estimate":98.05013045550412,"standard_error":11.73005473810206}}