{"mean":{"confidence_interval":{"confidence_level":0.95,"lower_bound":214.00879274542194,"upper_bound":230.57755333683718},"point_estimate":222.19922714108168,"standard_error":4.228434117776723},"median":{"confidence_interval":{"confidence_level":0.95,"lower_bound":197.4247020233185,"upper_bound":221.00259970832542},"point_estimate":209.1194210188884,"standard_error":6.1343865085000155},"median_abs_dev":{"confidence_interval":{"confidence_level":0.95,"lower_bound":31.594339107971532,"upper_bound":62.15246800110044},"point_estimate":47.94231869942445,"standard_error":7.830110294562026},"slope":{"confidence_interval":{"confidence_level":0.95,"lower_bound":211.5104296248704,"upper_bound":234.414984599935},"point_estimate":222.7500580733988,"standard_error":5.842903302319059},"std_dev":{"confidence_interval":{"confidence_level":0.95,"lower_bound":38.744962785622796,"upper_bound":45.54344152977356},"point_estimate":42.563562342584696,"standard_error":1.7306095381197968}}