{"mean":{"confidence_interval":{"confidence_level":0.95,"lower_bound":4.1767677843948565,"upper_bound":4.181010091140897},"point_estimate":4.178868927447009,"standard_error":0.0010831805122700786},"median":{"confidence_interval":{"confidence_level":0.95,"lower_bound":4.174277697060498,"upper_bound":4.182664284112514},"point_estimate":4.1780084507881305,"standard_error":0.0023599273167252484},"median_abs_dev":{"confidence_interval":{"confidence_level":0.95,"lower_bound":0.009563218243425443,"upper_bound":0.013923909489544653},"point_estimate":0.012208734898829154,"standard_error":0.0011283043772275308},"slope":{"confidence_interval":{"confidence_level":0.95,"lower_bound":4.171039512133179,"upper_bound":4.174255176739295},"point_estimate":4.172511090334273,"standard_error":0.0008186805862387597},"std_dev":{"confidence_interval":{"confidence_level":0.95,"lower_bound":0.009318599246456206,"upper_bound":0.01228700928014958},"point_estimate":0.010848539052857044,"standard_error":0.0007607493489791078}}