{"mean":{"confidence_interval":{"confidence_level":0.95,"lower_bound":0.0016902730774186526,"upper_bound":0.0027974115485797303},"point_estimate":0.002197862886540003,"standard_error":0.0002845521852197302},"median":{"confidence_interval":{"confidence_level":0.95,"lower_bound":0.0012200689818082644,"upper_bound":0.0022169478949123356},"point_estimate":0.0014106532509161607,"standard_error":0.00025800695183682184}}