{"mean":{"confidence_interval":{"confidence_level":0.95,"lower_bound":-0.09155532448161384,"upper_bound":0.17222021951636843},"point_estimate":0.0314584059203693,"standard_error":0.0674326206017948},"median":{"confidence_interval":{"confidence_level":0.95,"lower_bound":-0.14841960546177646,"upper_bound":0.24368998694508223},"point_estimate":-0.01752663814635902,"standard_error":0.10078181017897221}}