{"mean":{"confidence_interval":{"confidence_level":0.95,"lower_bound":30.923142399234674,"upper_bound":36.88117859793346},"point_estimate":33.90795442129625,"standard_error":1.4695535144127705},"median":{"confidence_interval":{"confidence_level":0.95,"lower_bound":25.31992552856841,"upper_bound":36.686435421899915},"point_estimate":31.235796757885538,"standard_error":3.2972697091686785}}