{"mean":{"confidence_interval":{"confidence_level":0.95,"lower_bound":0.11810220531853094,"upper_bound":0.12202031858585953},"point_estimate":0.12004922354175518,"standard_error":0.0009989628313088095},"median":{"confidence_interval":{"confidence_level":0.95,"lower_bound":0.11657260024725602,"upper_bound":0.12182060413606632},"point_estimate":0.11982994438176364,"standard_error":0.0015427973204879678}}