{"mean":{"confidence_interval":{"confidence_level":0.95,"lower_bound":2.0859736122206676,"upper_bound":2.088515628706731},"point_estimate":2.0872222946025674,"standard_error":0.0006484289465332436},"median":{"confidence_interval":{"confidence_level":0.95,"lower_bound":2.0836441057287245,"upper_bound":2.0891556287517603},"point_estimate":2.0851611693380683,"standard_error":0.0015803663280613697},"median_abs_dev":{"confidence_interval":{"confidence_level":0.95,"lower_bound":0.004979312905286408,"upper_bound":0.00879338769930773},"point_estimate":0.006778767619134289,"standard_error":0.0009098259861661505},"slope":{"confidence_interval":{"confidence_level":0.95,"lower_bound":2.081950467129151,"upper_bound":2.084279534403494},"point_estimate":2.0828851113335265,"standard_error":0.0006060165032734456},"std_dev":{"confidence_interval":{"confidence_level":0.95,"lower_bound":0.0056212209949716724,"upper_bound":0.007238932138411195},"point_estimate":0.006492967502647183,"standard_error":0.00041467838544333136}}