{"mean":{"confidence_interval":{"confidence_level":0.95,"lower_bound":-0.00928202729740949,"upper_bound":0.004903735332866398},"point_estimate":-0.0008963181655675667,"standard_error":0.0037525589287930403},"median":{"confidence_interval":{"confidence_level":0.95,"lower_bound":0.0019889882779919876,"upper_bound":0.004524643549179919},"point_estimate":0.0035001599655268834,"standard_error":0.0006416597563063017}}