{"mean":{"confidence_interval":{"confidence_level":0.95,"lower_bound":26.04254495095835,"upper_bound":26.139918070956213},"point_estimate":26.094141972014725,"standard_error":0.025412389712696458},"median":{"confidence_interval":{"confidence_level":0.95,"lower_bound":25.959524014215777,"upper_bound":26.246561670691243},"point_estimate":26.19511197553509,"standard_error":0.09626779950537334}}