{"mean":{"confidence_interval":{"confidence_level":0.95,"lower_bound":-0.0040923772923172255,"upper_bound":-0.0028900328895577368},"point_estimate":-0.0034818185517646594,"standard_error":0.0003058114834496077},"median":{"confidence_interval":{"confidence_level":0.95,"lower_bound":-0.0037183908486245754,"upper_bound":-0.0026625785542490066},"point_estimate":-0.0031646643830148813,"standard_error":0.00026827606430425996}}