{"mean":{"confidence_interval":{"confidence_level":0.95,"lower_bound":0.040679359839891585,"upper_bound":0.04305142680042265},"point_estimate":0.041859146257752666,"standard_error":0.0006038007770812794},"median":{"confidence_interval":{"confidence_level":0.95,"lower_bound":0.039026819714220416,"upper_bound":0.04126140502566233},"point_estimate":0.039935533777124554,"standard_error":0.0005802957084081579}}