{"mean":{"confidence_interval":{"confidence_level":0.95,"lower_bound":0.9439402620367302,"upper_bound":0.9450656517823605},"point_estimate":0.9444819468556112,"standard_error":0.0002879999698820608},"median":{"confidence_interval":{"confidence_level":0.95,"lower_bound":0.9434431894998069,"upper_bound":0.9445464984973102},"point_estimate":0.9439654074065155,"standard_error":0.00028254411096475585},"median_abs_dev":{"confidence_interval":{"confidence_level":0.95,"lower_bound":0.0017312175372388224,"upper_bound":0.002764160710973294},"point_estimate":0.002288745259271556,"standard_error":0.0002644264402606182},"slope":{"confidence_interval":{"confidence_level":0.95,"lower_bound":0.9429997291938573,"upper_bound":0.9438365589167509},"point_estimate":0.9433971310147894,"standard_error":0.00021421518231166497},"std_dev":{"confidence_interval":{"confidence_level":0.95,"lower_bound":0.002211159868820846,"upper_bound":0.0034957736010436213},"point_estimate":0.0028862332061483148,"standard_error":0.00032814473182139536}}