{"mean":{"confidence_interval":{"confidence_level":0.95,"lower_bound":0.040098818131170916,"upper_bound":0.043253945856481964},"point_estimate":0.04183327285697702,"standard_error":0.0008005365032700446},"median":{"confidence_interval":{"confidence_level":0.95,"lower_bound":0.03998326916671657,"upper_bound":0.04167500048380646},"point_estimate":0.04067576282658414,"standard_error":0.00043724631609862944}}