{"mean":{"confidence_interval":{"confidence_level":0.95,"lower_bound":7.92932571421938,"upper_bound":7.94448647545897},"point_estimate":7.935489280562035,"standard_error":0.003993630810972335},"median":{"confidence_interval":{"confidence_level":0.95,"lower_bound":7.927371879484992,"upper_bound":7.930179031858886},"point_estimate":7.929126893337723,"standard_error":0.0007155900623397714},"median_abs_dev":{"confidence_interval":{"confidence_level":0.95,"lower_bound":0.003493528146919895,"upper_bound":0.005966921466779334},"point_estimate":0.004557898499362266,"standard_error":0.0006346008883693543},"slope":{"confidence_interval":{"confidence_level":0.95,"lower_bound":7.931960940683374,"upper_bound":7.939437444660871},"point_estimate":7.935297511232023,"standard_error":0.0019257150405794534},"std_dev":{"confidence_interval":{"confidence_level":0.95,"lower_bound":0.005559621182425249,"upper_bound":0.06400907766880182},"point_estimate":0.040411527936696785,"standard_error":0.015945211786143915}}