{"mean":{"confidence_interval":{"confidence_level":0.95,"lower_bound":0.000035079389699438376,"upper_bound":0.0005266280512621623},"point_estimate":0.0002696190926509967,"standard_error":0.00012538605221216857},"median":{"confidence_interval":{"confidence_level":0.95,"lower_bound":0.000024966252913927178,"upper_bound":0.00036725216779820435},"point_estimate":0.00020802421016674622,"standard_error":0.00008321605291848387}}