{"mean":{"confidence_interval":{"confidence_level":0.95,"lower_bound":-0.011919144038409307,"upper_bound":-0.01076497437764728},"point_estimate":-0.011357881418772031,"standard_error":0.00029506551060448925},"median":{"confidence_interval":{"confidence_level":0.95,"lower_bound":-0.012166646811761606,"upper_bound":-0.011783735867755829},"point_estimate":-0.011956687216695516,"standard_error":0.00009723955545643438}}