{"mean":{"confidence_interval":{"confidence_level":0.95,"lower_bound":39.23777947217718,"upper_bound":39.379059556803405},"point_estimate":39.305009546104955,"standard_error":0.03604377037447548},"median":{"confidence_interval":{"confidence_level":0.95,"lower_bound":39.257992712143626,"upper_bound":39.358998299031015},"point_estimate":39.29429922053545,"standard_error":0.02954407849169924}}