{"mean":{"confidence_interval":{"confidence_level":0.95,"lower_bound":39.378905488707474,"upper_bound":42.70033340528474},"point_estimate":41.08657954297708,"standard_error":0.8551210349324083},"median":{"confidence_interval":{"confidence_level":0.95,"lower_bound":36.367114465113396,"upper_bound":39.1491276205801},"point_estimate":37.701145725500936,"standard_error":0.5457580182558806}}