{"mean":{"confidence_interval":{"confidence_level":0.95,"lower_bound":-0.08385487664296663,"upper_bound":0.06966926486306467},"point_estimate":-0.008585953238109068,"standard_error":0.03902288583850128},"median":{"confidence_interval":{"confidence_level":0.95,"lower_bound":-0.18405469310186529,"upper_bound":0.15060039395725422},"point_estimate":-0.045384256675248036,"standard_error":0.08281697216480056}}