{"mean":{"confidence_interval":{"confidence_level":0.95,"lower_bound":35.93114168293088,"upper_bound":36.02186075997719},"point_estimate":35.978354897386616,"standard_error":0.023053853519432496},"median":{"confidence_interval":{"confidence_level":0.95,"lower_bound":35.95441441209469,"upper_bound":36.02929584306612},"point_estimate":35.99971062571209,"standard_error":0.01845435850503209}}