{"mean":{"confidence_interval":{"confidence_level":0.95,"lower_bound":-0.00029277892108215656,"upper_bound":0.002586426079191906},"point_estimate":0.0011098754610290307,"standard_error":0.000716255241608148},"median":{"confidence_interval":{"confidence_level":0.95,"lower_bound":0.0004512033839727536,"upper_bound":0.0014216800368265226},"point_estimate":0.0009236737805975448,"standard_error":0.00021973368748342222}}