{"mean":{"confidence_interval":{"confidence_level":0.95,"lower_bound":0.973186672635657,"upper_bound":0.9749088728998463},"point_estimate":0.9739696737525497,"standard_error":0.00044128749437960643},"median":{"confidence_interval":{"confidence_level":0.95,"lower_bound":0.9722295188514483,"upper_bound":0.9735748132882988},"point_estimate":0.9727886920119795,"standard_error":0.00036792767869604196},"median_abs_dev":{"confidence_interval":{"confidence_level":0.95,"lower_bound":0.0018022850534362299,"upper_bound":0.0032155753973042264},"point_estimate":0.0024479531596170636,"standard_error":0.00037099134216615493},"slope":{"confidence_interval":{"confidence_level":0.95,"lower_bound":0.9716191727106915,"upper_bound":0.972728421007912},"point_estimate":0.9721054665781509,"standard_error":0.0002841336141417712},"std_dev":{"confidence_interval":{"confidence_level":0.95,"lower_bound":0.0026005513424759764,"upper_bound":0.006293480822556286},"point_estimate":0.004422881136508053,"standard_error":0.0009877152164031872}}