{"mean":{"confidence_interval":{"confidence_level":0.95,"lower_bound":-0.08553014984492141,"upper_bound":0.04467476717405511},"point_estimate":-0.021762016570721077,"standard_error":0.03314342411157414},"median":{"confidence_interval":{"confidence_level":0.95,"lower_bound":-0.12774744189197795,"upper_bound":0.1440351607017071},"point_estimate":0.003483851514984204,"standard_error":0.0635473614807258}}