{"mean":{"confidence_interval":{"confidence_level":0.95,"lower_bound":0.00048407603097219145,"upper_bound":0.0017382262326019022},"point_estimate":0.0010695250293351055,"standard_error":0.0003248496801431953},"median":{"confidence_interval":{"confidence_level":0.95,"lower_bound":0.0003196154796754058,"upper_bound":0.001514824860389341},"point_estimate":0.0010157816134286346,"standard_error":0.0003215902950215577}}