{"mean":{"confidence_interval":{"confidence_level":0.95,"lower_bound":74.3199129138095,"upper_bound":74.44175546795462},"point_estimate":74.37494222914077,"standard_error":0.03132366480610514},"median":{"confidence_interval":{"confidence_level":0.95,"lower_bound":74.22853384700426,"upper_bound":74.39765529969381},"point_estimate":74.28290034353849,"standard_error":0.04835952551702098},"median_abs_dev":{"confidence_interval":{"confidence_level":0.95,"lower_bound":0.1426520402773383,"upper_bound":0.28112471754583757},"point_estimate":0.21718741160859187,"standard_error":0.03988687358484894},"slope":{"confidence_interval":{"confidence_level":0.95,"lower_bound":74.17976930688029,"upper_bound":74.21785970586066},"point_estimate":74.19645846878767,"standard_error":0.009676233682420841},"std_dev":{"confidence_interval":{"confidence_level":0.95,"lower_bound":0.1880993683361143,"upper_bound":0.4576273205286806},"point_estimate":0.3151068182174221,"standard_error":0.08172934700747794}}