{"mean":{"confidence_interval":{"confidence_level":0.95,"lower_bound":0.1784574456562544,"upper_bound":0.18085851787205803},"point_estimate":0.17965371440260092,"standard_error":0.0006143962998995403},"median":{"confidence_interval":{"confidence_level":0.95,"lower_bound":0.17857656085776732,"upper_bound":0.18175249197632634},"point_estimate":0.18044029744450896,"standard_error":0.0008228772513653145}}