{"mean":{"confidence_interval":{"confidence_level":0.95,"lower_bound":166.7903605272972,"upper_bound":194.35173763334717},"point_estimate":180.39650927185554,"standard_error":7.046637246714278},"median":{"confidence_interval":{"confidence_level":0.95,"lower_bound":138.81741434703267,"upper_bound":183.99466845342076},"point_estimate":155.962553664475,"standard_error":13.343740803156603},"median_abs_dev":{"confidence_interval":{"confidence_level":0.95,"lower_bound":45.25111983588367,"upper_bound":95.0164645467678},"point_estimate":65.97212388242401,"standard_error":13.339302475835265},"slope":{"confidence_interval":{"confidence_level":0.95,"lower_bound":161.12214117885333,"upper_bound":199.65006118050727},"point_estimate":180.10624976067163,"standard_error":9.850443977338854},"std_dev":{"confidence_interval":{"confidence_level":0.95,"lower_bound":63.02730353342808,"upper_bound":76.86088172043088},"point_estimate":70.8244741053747,"standard_error":3.5342892649769833}}