{"mean":{"confidence_interval":{"confidence_level":0.95,"lower_bound":-0.0009943376010349723,"upper_bound":0.001202696523558538},"point_estimate":0.00008700244481496533,"standard_error":0.0005604541342042228},"median":{"confidence_interval":{"confidence_level":0.95,"lower_bound":-0.002130999929996769,"upper_bound":0.000974471402731103},"point_estimate":-0.0001657604471131391,"standard_error":0.0007069138754128973}}