{"mean":{"confidence_interval":{"confidence_level":0.95,"lower_bound":-0.07647403093822487,"upper_bound":-0.07472762735176844},"point_estimate":-0.0756591135235457,"standard_error":0.0004499158527112185},"median":{"confidence_interval":{"confidence_level":0.95,"lower_bound":-0.07666490758298217,"upper_bound":-0.0746674306090437},"point_estimate":-0.07582546781634736,"standard_error":0.000506244824879187}}