{"mean":{"confidence_interval":{"confidence_level":0.95,"lower_bound":21.8545810780881,"upper_bound":27.372166414068122},"point_estimate":24.533199222692634,"standard_error":1.4415675383467315},"median":{"confidence_interval":{"confidence_level":0.95,"lower_bound":15.815969678757579,"upper_bound":25.87598540538762},"point_estimate":18.920967918683797,"standard_error":2.1649531953278918}}