{"mean":{"confidence_interval":{"confidence_level":0.95,"lower_bound":312.138491537688,"upper_bound":356.839149590182},"point_estimate":334.10539165431214,"standard_error":11.384623836954953},"median":{"confidence_interval":{"confidence_level":0.95,"lower_bound":282.9920929164263,"upper_bound":353.79978923165356},"point_estimate":301.19937721285936,"standard_error":16.34459817766686},"median_abs_dev":{"confidence_interval":{"confidence_level":0.95,"lower_bound":96.3943110968923,"upper_bound":152.80769784278309},"point_estimate":123.91545567981154,"standard_error":14.134252720105449},"slope":{"confidence_interval":{"confidence_level":0.95,"lower_bound":301.4224820269767,"upper_bound":356.35980988712896},"point_estimate":327.591904610851,"standard_error":13.993130464934103},"std_dev":{"confidence_interval":{"confidence_level":0.95,"lower_bound":98.01726982142179,"upper_bound":129.14759956180856},"point_estimate":114.70652796914693,"standard_error":7.966031319886763}}