{"mean":{"confidence_interval":{"confidence_level":0.95,"lower_bound":0.2456510370183426,"upper_bound":0.2500849307343809},"point_estimate":0.24805653304926212,"standard_error":0.0011308633848484378},"median":{"confidence_interval":{"confidence_level":0.95,"lower_bound":0.24727695235552516,"upper_bound":0.2501264246898418},"point_estimate":0.24879243171277388,"standard_error":0.0007225305399656774}}