{"mean":{"confidence_interval":{"confidence_level":0.95,"lower_bound":68.16809784380574,"upper_bound":68.23410585658584},"point_estimate":68.20021608388703,"standard_error":0.01684245374153329},"median":{"confidence_interval":{"confidence_level":0.95,"lower_bound":68.09976763927256,"upper_bound":68.2171875},"point_estimate":68.14040761669173,"standard_error":0.03353010942352375},"median_abs_dev":{"confidence_interval":{"confidence_level":0.95,"lower_bound":0.09823985211118993,"upper_bound":0.1956294356538298},"point_estimate":0.1632591240792191,"standard_error":0.02577911049508121},"slope":{"confidence_interval":{"confidence_level":0.95,"lower_bound":68.07455598809536,"upper_bound":68.13127757733947},"point_estimate":68.09925745533859,"standard_error":0.014601757932185705},"std_dev":{"confidence_interval":{"confidence_level":0.95,"lower_bound":0.13735874900024783,"upper_bound":0.19816633467379255},"point_estimate":0.16941804796725898,"standard_error":0.015570811712091204}}