{"mean":{"confidence_interval":{"confidence_level":0.95,"lower_bound":12.75345212420264,"upper_bound":12.76046708440257},"point_estimate":12.756848318279284,"standard_error":0.0017907086004975638},"median":{"confidence_interval":{"confidence_level":0.95,"lower_bound":12.751033893249945,"upper_bound":12.758831730236512},"point_estimate":12.755900259237736,"standard_error":0.0017260208483083044},"median_abs_dev":{"confidence_interval":{"confidence_level":0.95,"lower_bound":0.009784746822449179,"upper_bound":0.016050294338790454},"point_estimate":0.012777752013112119,"standard_error":0.0016559470412516135},"slope":{"confidence_interval":{"confidence_level":0.95,"lower_bound":12.75138767159896,"upper_bound":12.756717103088484},"point_estimate":12.754041620534187,"standard_error":0.0013595784380783895},"std_dev":{"confidence_interval":{"confidence_level":0.95,"lower_bound":0.012994382060408665,"upper_bound":0.022833470127198854},"point_estimate":0.017947211149642928,"standard_error":0.002551073315799916}}