{"mean":{"confidence_interval":{"confidence_level":0.95,"lower_bound":0.005790160854344667,"upper_bound":0.0073427112760589995},"point_estimate":0.0065714279212538695,"standard_error":0.00039814369662697724},"median":{"confidence_interval":{"confidence_level":0.95,"lower_bound":0.00446769273924863,"upper_bound":0.007371006922753054},"point_estimate":0.005763171888320651,"standard_error":0.0007266418602442815}}