{"mean":{"confidence_interval":{"confidence_level":0.95,"lower_bound":-0.06107770126694659,"upper_bound":0.1339790747016354},"point_estimate":0.03460196417682826,"standard_error":0.05010811142529712},"median":{"confidence_interval":{"confidence_level":0.95,"lower_bound":-0.1541862474666429,"upper_bound":0.21484715948686528},"point_estimate":0.02164920203615117,"standard_error":0.08969357845211931}}