{"mean":{"confidence_interval":{"confidence_level":0.95,"lower_bound":-0.0054760491163477355,"upper_bound":-0.003547389498478204},"point_estimate":-0.004485219437414645,"standard_error":0.0004918563354993083},"median":{"confidence_interval":{"confidence_level":0.95,"lower_bound":-0.004891290312794044,"upper_bound":-0.0011659140887245734},"point_estimate":-0.0030621675245234847,"standard_error":0.0009802523261799323}}